№ п/п;Дата платежа;Назначение платежа;Сумма;
1;08.01.2025;"ТОО ""METAMED"" Оплата по  Договору №РЦ/2023-14-6 от 06.08.24г.(г.Шымкент) Услуга по сборке и установке мед.оборудования Rifton. Jenx. Perfomance Health/Для ГКП на
ПХВ РЦ №2 УЗ г.Шымкент/ проект  «QH Оңалту орталығы»";136 000,00;
2;08.01.2025;"ТОО ""Royal Engineering Kazakhstan""Оплата по Договору №РЦ-
P/2023-6-4 от 10.07.24г. (Жетысу обл)  Установка сенсорной и интерактивной комнаты  Акт №23 от 13.12.24г. (ГКП на ПХВ
«Саркандская ЦРБ » УЗ Области Жетысу»)/проект «QH
Аудандық оңалту орталықтары»";3 360 000,00;
3;08.01.2025;"ТОО ""Royal Engineering Kazakhstan""Оплата по Договору
№ЦРВ/2022-2-9  от 12.12.24г. (КГП на ПХВ Областной РЦ УЗ Павл обл) .в рамках проекта ""Оснащение центров раннего вмешательства""";1 300 000,00;
4;08.01.2025;"ТОО ""ИНТЕРФАРМСЕРВИС""Предоплата за 1 поставку  Договора  №09-02-3-398  от 30.12.2024г.(СКО)за лекарственное средство Виондис-53 (Голодирсен)  р-р  по 100 мг/2мл.(1 реб) /для КГП на ПХВ  Кызылжарская РЦ, СКО Кызылжарский р-
он,с.Бесколь,ул. Пирогова,д.19";103 109 656,00;
5;08.01.2025;"ТОО ""Центр технической компетенции DEMEU""ОнкоПлан Оплата по  Договору №09-02-3-338 от 07.11.2024 г. Услуги по обновлению программного обеспечения действующих линейных ускорителей (Апгрейд)  для АО КазНИИ онкологии и радиологии
г.Алматы, ДС №1 от от 23.12.24г.";144 504 000,00;
6;08.01.2025;"ТОО ""Центр технической компетенции DEMEU""ОнкоПлан - Оплата по  Договору №09-02-3-340 от 08.11.2024 г.Услуги по обновлению программного обеспечения действующих линейных ускорителей (Апгрейд)  для для  ГКП на ПХВ
""Многопрофильный центр Акимата по г.Астана";182 386 000,00;
7;10.01.2025;"ТОО ""Raam Group""Окончательная оплата 50% по сч № 125,126,127,128,129 от 27.12.24г. по Договорам   №09-02-3-328,
№09-02-3-329, №09-02-3-330, №09-02-3-331, №09-02-3-332  от
23.10.2024г.  (Поставка -Электрокардиографа BTL 4 Pro) / проект ""QH Развитие кардиолологической службы в Карагандинской области""";23 750 000,00;
8;10.01.2025;"АО ""Республиканский протезно-ортопедический центр""Окончательная оплата 50% за изготовление протеза голени модульного с силиконовым лайнером для ID 45855, Договор №09-02-3-157 от 29.03.2024г.АВР №14644 от 19.12.24г.";838 782,00;
9;10.01.2025;"АО ""Республиканский протезно-ортопедический центр""Окончательная оплата 50% на изготовл протеза предплечья для заявителя  ID 46671, АВР №15271 от 26.12.24г. Договор №09-
02-3-157 от 29.03.2024г.";2 300 000,00;
10;10.01.2025;"АО ""Республиканский протезно-ортопедический центр""Окончательная оплата 50% за изготовление  протеза бедра для заявителя  ID 46731, 02.10.2011гр.  Счет 221   от 27.12.24г,
Договор №09-02-3-157 от 29.03.2024г.";1 690 874,00;
11;10.01.2025;"АО ""Республиканский протезно-ортопедический центр""Предоплата 50% на изготовл протеза голени  для заявителя
ID 46774,  Договор №09-02-3-157 от 29.03.2024г.";755 847,00;
12;10.01.2025;"АО ""Республиканский протезно-ортопедический центр""Предоплата 50% на изготовл протеза голени  модульный для заявителя  ID 46780, Договор №09-02-3-157 от 29.03.2024г.";755 847,00;
13;10.01.2025;"АО ""Республиканский протезно-ортопедический центр""
Предоплата 50% на изготовл  протезов бедра  для заявителя  ID 46775, Договор №09-02-3-157 от 29.03.2024г.";2 305 635,00;
14;10.01.2025;"АО ""Республиканский протезно-ортопедический центр""Предоплата 50% на изготовл протеза голени  модульный для заявителя  ID 46773, Договор №09-02-3-157 от 29.03.2024г.";755 847,00;
15;10.01.2025;"АО ""Республиканский протезно-ортопедический центр""Предоплата 50% на изготовл протеза голени  модульный для заявителя  ID 46859, Договор №09-02-3-157 от 29.03.2024г.";755 847,00;
16;10.01.2025;"ТОО ""Medicare International""Предоплата 50% на изготовление протеза бедра для заявителя  ID 46711, Согласно Договор №09-4
от 17.05.2022г. Доп.соглаш.№2,";2 750 000,00;
17;10.01.2025;"ИП Новиков Евгений Васильевич Окончательная оплата  50%  по Договору  №09-02-3-336  от 05.11.2024г..   (Развивающий набор Монтессори 80 в 1,Профессиональный стол логопеда в комплекте, Комплект постановочных зондов, Кварцевый стерилизатор)   для КГУ ""Территориальный центр социального обслуживания акимата Аягозского района области Абай""/ проект  «QH Развитие медико-социальной реабилитации в центрах оказания специальных социальных услуг области Абай»";2 015 231,38;
18;13.01.2025;"ТОО ""ASPASIA LTD""Возврат оплаты поставщиком  по Договор
№09-02-3-317 от 24.09.2024 года";-                                                         699 130,00;
19;15.01.2025;"ТОО ""Raam Group""Окончательная оплата 50% по счетам №1, 2 от 05.01.25г. проект ""QH Развитие кардиолологической службы в
Карагандинской области"" по Договорам  №09-02-3-277, №09-02-3- 288 от 31.07.2024г.(№288 Поставка  электрокардиографа  ВП-08 Holter H-600 (1 шт.) /№277 - Поставка Системы мониторинга кровяного АД BTL -0.8 ABPM - 1 шт.)  Для КГПнаПХВ Многопроф.обл.детская больница УЗ Кар.обл),";3 500 000,00;
20;15.01.2025;"ООО ""БИЭМ ГРУПП ИНТЕГРАТОР""Оплата 100 %  по Договору
№09-02-3-309 от 03.09.2024г.ДС №1 от12.12.24г.  для 3
реабилитационных центров (Акмолинской, Жамбылской, Кызылординской обл) . Счет №1142 от 09.12.2024 г. (Сенсорный стол с регулировкой) 3 шт.  (г.Астана, ул.Ондирис 7/2) проект
«QH Аудандык оңалту орталықтары»";3 415 154,40;
21;17.01.2025;"ТОО ""Солнечный Казахстан"" Окончательная оплата 50% по
Договору поставки  №09-02-3-315  от 23.09.2024г./Счет №7 от 14.01.25г./для КГПна ПХВ Кордайский районный центр реабилитации и адаптации детей инвалидов УКЗ занятости и социальных программ акимата Жамбылской области (Специализированный инвентарь для логопеда -  8 позиций)/
проект ""QH Қордай арнаулы әлеуметтік орталығы"" /";283 000,00;
22;17.01.2025;"ТОО ""Medicare International"" Предоплата 50% по Договору № 09-4 от 17.05.2022г. доп согл №2 , счет  №3 от 13.01.2025г.за
изготовление протеза  руки  для заявителя  ID 46691";4 000 000,00;
23;17.01.2025;"ТОО ""ГазАвто Казахстан""Окончательная оплата 50% по Договору  №09-02-3-290  от 12.08.24г. (Жезказган)   согл Счета
№СЕМ-20241226  от 26.12.24г. рамках проектa ""QH Шапагат Жезгазган"" (для КГУ Центр оказания специальных социальных услуг УК занятости и соц.программ Ұлытау) Автомобиль ГАЗ для перевозки инвалидов (цвет белый, год выпуска 2024г., Завод
""СемАЗ"" г.Семей сборка РК.)";12 300 000,00;
24;17.01.2025;"ТОО ""Центр технической компетенции DEMEU""ОнкоПлан - Оплата по  Договору  №09-02-3-397 от 24.12.2024 г.(Абай обл) Услуги по обновлению программного обеспечения действующих линейных ускорителей (Апгрейд)  для ГКП на ПХВ Центр
ядерной медицины и онкологии УЗ Абай области";163 445 000,00;
25;17.01.2025;"ТОО ""ИНТЕРФАРМСЕРВИС""Возмещение курсовой разницы  за 1 поставку Договора  №09-02-3-398  от 30.12.2024г.(СКО)за лекарственное средство Виондис-53 (Голодирсен)  р-р  по 100 мг/2мл. (1 реб) /для КГП на ПХВ  Кызылжарская РЦ, СКО
Кызылжарский р-он,с.Бесколь,ул. Пирогова,д.19";946 504,00;
26;17.01.2025;"ТОО ""SWIXX BIOPHARMA (СВИКС БИОФАРМА)"" 4  акт
поставок  по Договору  №09-02-3-320  от 26.09.24г.. оплата / приобретения лекарственного средства  Крисвита, 30 мг/мл.(1 реб, 1 взр), 1 взр /";7 671 420,00;
27;17.01.2025;"ТОО ""SWIXX BIOPHARMA (СВИКС БИОФАРМА)"" по факту
поставки  по Договору  №09-02-3-323  от 10.10.24г. приобретения лекарственного средства  Крисвита, 10 мг/мл и /30 мг/мл.  (2  взр)
/";76 714 200,00;
28;17.01.2025;"ООО ""БЕКА РУС"" Предоплата 50 % по Договору №09-02-3-384 от 06.12.2024г. (Павлодарской области) Закупка  тренажеров Thera-trainer tigo для реабилитационных центров.  Для ПОФ РГПна ПХВ Национальный научный центр развития сферы соц.защиты Минтруда Соц.защиты населения РК/ Код ТНВЭД
9019109009";11 261 677,37;
29;17.01.2025;"ООО ""БЕКА РУС"" Предоплата 50 % по Договору №09-02-3-385 от 06.12.2024г.Закупка  тренажеров Thera-trainer tigo для реабилитационных центров. Счет №1139/1 от 12.12.2024г. Для СГФ РГПна ПХВ Национальный научный центр развития сферы соц.защиты Минтруда Соц.защиты населения РК Код ТНВЭД
9019109009";7 507 784,91;
30;17.01.2025;"ООО ""БЕКА РУС"" Предоплата 50 % по Договору №09-02-3-386  от 06.12.2024г.(г.Шымкент) Закупка  тренажеров Thera-trainer tigo для реабилитационных центров. Счет №1138/1 от 12.12.2024г.
Для ШГФ РГПна ПХВ Национальный научный центр развития
сферы соц.защиты Минтруда Соц.защиты населения РК Код ТНВЭД 9019109009";35 661 978,32;
31;17.01.2025;"ООО ""БЕКА РУС"" Предоплата 50 % по Договору №09-02-3-387 от 06.12.2024г.(г.Кызылорда) Закупка  тренажеров Thera-trainer tigo для реабилитационных центров. Счет №1141/1 от 12.12.2024г. Для КОФ РГПна ПХВ Национальный научный центр развития сферы соц.защиты Минтруда Соц.защиты
населения РК Код ТНВЭД 9019109009";22 360 883,73;
32;17.01.2025;"ООО ""ВИТ""Окончательная оплата 50%  по Договору  №09-02-3- 335  от 05.11.2024г..  (Имитатор опорной нагрузки Корвит) 1 комплект  ( для КГУ ""Урджарский детский центр оказания специальных социальных услуг"" управления координации занятости и социальных программ области Абай)  проект «QH Развитие медико-социальной реабилитации в центрах оказания
специальных социальных услуг области Абай»";2 401 614,60;
33;17.01.2025;"ТОО ""Статус Трейд""Окончательная оплата 10%  (3 этап) по факту выполненных работ  по  Договору №11-02-6-174 от 12.06.2024 года  /Строительство одноэтажных домов для граждан, пострадавших от ЧС (г. Костанай, село Амангельды,3 дома)";8 700 000,00;
34;17.01.2025;"ТОО ""SAIANUR VIP-SERVIS""Окончательная оплата 1 часть (4 этап-с.Иванковка-Акмол обл)  по факту выполненных работ по Договору  №11-02-6-280  от 13.08.24 года  за услугу стр-ва жилых домов гражданам РК пострадавшим от паводков. Счет №1  от 06.01.2025г. . АВР №       от 17.12.24г. (Строительство 20 двухквартирный  жилых домов  в селе Иванковка, Буландынского
района,Акмолинской области)";87 000 000,00;
35;17.01.2025;"КФ ""ҚАМҚОРЛЫҚ ҚОРЫ""Возмещение  расходов за СВХ, согласно Договора  №09-02-12 от 01.07.22 г. (Сенсорные комнаты
- 2 паллета Blazebrite Ltd.TA Experia, Обруд.Rifton -Rehab and
Medical, г.Павлодар)Заявка №1/ЦРВ  от 27.12.24г. проект Оснащение центров раннего вмешательства";2 027 716,00;
36;20.01.2025;"Татыбаев Максат Кайратович выплата благотворительной
помощи пострадавшим во время январских событий 2022 года";3 000 000,00;
37;20.01.2025;"ТОО ""ПетроАльянс""Окончательная оплата (4 этап-Казахмыс-РБК- СКО) по факту выполненных работ  по  Договору  №11-02-6-139 от 29.05.2024г. за услугу стр-ва жилых домов гражданам РК пострадавшим от паводков. Акт выполненных работ №24 от 31.12.2024 года, Счет №1 от 09.01.2025г./Строительство одноэтажных домов для граждан, пострадавших от чрезвычайных ситуатаций природного характера (СКО, г.Петропавловск,
мкр.Солнечный-2)";17 763 875,00;
38;20.01.2025;"КФ ""ҚАМҚОРЛЫҚ ҚОРЫ""Возмещение  расходов за логистические услуги по м/перевозке груза, таможенный сбор, НДС, согласно Договорa №09-02-3-376 от 06.11.2023г. Заявка
№28/Р-РЦ от 23.12.24г.   (Обрудование -OM Interactive Ltd- Великобритания, интерактивные комнаты 4шт.)  проект ""QH
Аудандык оңалту орталығы""";16 080 073,00;
39;20.01.2025;"ИП SK Beauty КОПАБАЕВА САЛИМА ЖАНБЕКОВНАОплата
по Договору №09-02-3-373 от 05.12.2024г.) для КГП на ПХВ Жамбылский обл.спец.РЦ) Cчет №1 от 14.01.25 г. проект ""Дихан ауылындагы оналту орталыгы /Поставка комплекта Зондов массажных (12 шт.) Комплект зондов постановочных по Волковой (7шт.)";314 600,00;
40;20.01.2025;"ТОО ""SAIANUR VIP-SERVIS""Окончательная оплата 2 часть  (4 этап-с.Иванковка-Акмол обл)  по факту выполненных работ по Договору  №11-02-6-280  от 13.08.24 года  за услугу стр-ва жилых домов гражданам РК пострадавшим от паводков. Счет №1  от 06.01.2025г. . АВР №       от 17.12.24г. (Строительство 20 двухквартирный  жилых домов  в селе Иванковка, Буландынского
района,Акмолинской области)";3 000 000,00;
41;20.01.2025;"ТОО ""SAIANUR VIP-SERVIS""Окончательная оплата (2 этап- с.Иванковка-Акмол обл)  по факту выполненных работ по Договору №11-02-6-479  от 20.11.24 года  за услугу стр-ва жилых домов гражданам РК пострадавшим от паводков. Счет №2  от 06.01.2025г. АВР №45_от 29.11.24г. (Строительство 1 одноквартирного  жилого дома  в селе Иванковка, Буландынского
района,Акмолинской области)";2 361 262,30;
42;20.01.2025;"ТОО ""BETON DI STROY"" Окончательная оплата 5% (3 этап) по факту АВР №3 от 18.10.24г.(-5% остаток) , Договора №11-02-6- 175 от 12.06.2024г., за услугу стр-ва жилых домов гражданам РК пострадавшим от паводков. Счет №1 от 13.01.2025г. (г.Костанай,
с. Агаштыколь, 3 дома)";4 350 000,00;
43;20.01.2025;"ТОО ""Елена Д"" Окончательная оплата  10% (2 этап) по факту АВР , Договора №11-02-6-241 от 13.06.2024г., за услугу стр-ва жилых домов гражданам РК пострадавшим от паводков.Счет №1
от 13,01,25г. (г.Костанай, с.Амангельды, 3 дома)";8 700 000,00;
44;20.01.2025;"ТОО ""QurilisАльянс.kz""Окончательная оплата оплата (5 этап) по факту вып  работ  по  Договор №11-02-6-176 от 12.06.2024 года за услугу стр-ва жилых домов гражданам РК пострадавшим от паводков. АВР №9 от 29.08.2024 года,/Строительство одноэтажных домов для граждан, пострадавших от ЧС природного характера (г. Костанай, село Амангельды.3 дома)";16 952 154,00;
45;20.01.2025;"ТОО ""Костанай-МБИ""Окончательная оплата 10%  (2 этап) по факту выполненных работ  по  Договору №11-02-6-242 от 13.06.2024г., Счет №1101000015 от 16.01.2025г. (Строительство трех одноэтажных одноквартирных жилых домов (на участках
№13-№15) по адресу: (Костанайская область, Амангельдинский
район, село Амангельды, 3 дома)";8 700 000,00;
46;20.01.2025;"ТОО ""СЕРВИССТАЛЬ""Окончательная оплата 10 % (3 этап) по факту выполненных работ  по  Договор №11-02-6-236 от 13.06.2024 года Счет №51 от 30.12.14 г. АВР /Строительство одноэтажных домов для граждан, пострадавших от ЧС
природного характера (г. Костанай, село Алтынсарино.3 дома)";6 866 400,00;
47;20.01.2025;"ТОО ""Сыл""Окончательная оплата (3 этап) по факту выполненных работ  по  Договор №11-02-6-235 от 13.06.2024 года за услугу стр- ва жилых домов гражданам РК пострадавшим от паводков.(г.
Костанай, село Алтынсарино.2 дома)";4 577 600,00;
48;22.01.2025;"ООО ""БЕКА РУС""Окончательная  оплата 50 %  по Договору№09- 02-3-306 от 03.09.2024г.(Закупка  тренажеров Thera-trainer tigo, Устройство Pablo для восстановления мелкой, крупной  моторики, Компьютер моноблочный All-in-one) для реабилитационных центров)  Код ТНВЭД 9019109009  (Акмолинской, Кызылординкой, Жамбылской областей)  по проекту ""Аудандық оңалту орталықтары"" Счет №741/1  от 09.01.2025г.";68 128 956,11;
49;22.01.2025;"DURBIN PLCОплата 2 транш  за медицинский  препарат Золгенсма (Zolgensma)  -  для 1 пациента  (PAT_EAR_ T51237)
Договор №09-03-143  от 13.11.2023г.";290 169 000,00;
50;24.01.2025;"ТОО ""Technical institute Almas""Окончательная оплата  50% (2 этап
- Каспи- с.Иванковка, Буландынского р-на, Акмолинской области) . Счет №2  от 20.01.2025г) АВР №39 от 11.12.24г. за Авторский надзор  по Договору №11-02-6-281  от 13.08.24 г. (Строительство 21 двухквартирного жилого дома в с.Иванковка, Буландынского р-на, Акмолинской области)";1 151 345,00;
51;24.01.2025;"ТОО ""Technical institute Almas""Окончательная оплата 100 %
Договору №11-02-6-480  от 20.11.24 года (Авторский надзор) Счет №3 от 15.01.2025г.)  АВР №40 от 11.12.24г. (Строительство 1 одноквартирного жилого дома в .с.Иванковка,Буландыкского района, Акмолинской области) Cтр-вo жилых домов гражданам
РК пострадавш от паводков.";100 000,00;
52;30.01.2025;"ТОО ""ARSENAL-R""Окончательная оплата 10 % (3 этап) по факту
выполненных работ  по  Договор №11-02-6-238 от 13.06.2024 года за услугу стр-ва жилых домов гражданам РК пострадавшим от паводков. Счет № 1 от 24.01.2025,  АВР №29 от 07.11.2024 года /Строительство одноэтажных домов для граждан, пострадавших от ЧС природного характера (г. Костанай, село
Алтынсарино.9 дома)";20 599 200,00;
53;30.01.2025;"ТОО ""Теплодом Костанай""Окончательная оплата (3 этап) по факту выполненных работ  по  Договор №11-02-6-237 от 13.06.2024 года за услугу стр-ва жилых домов гражданам РК пострадавшим от паводков. АВР №10 от 30.12.2024 года,
/Строительство одноэтажных домов для граждан, пострадавших
от ЧС природного характера (г. Костанай, село Алтынсарино.2 дома)";8 991 713,50;
54;30.01.2025;"ТОО ""Базисный Магазин""Предоплата 50% по Договорам №11-02- 6-02 от 27.01.25г., №11-02-6-03 от 27.01.25г. №11-02-6-04 от
27.01.25г.№11-02-6-05 от 27.01.25г.  №11-02-6-06 от 27.01.25г.
№11-02-6-07 от 27.01.25г. №11-02-6-08 от 27.01.25г. Счета
№15,16,17,18,19, 20,21  от 27.01.25г. Проект  ""QH Внедрение STEM-обучения в организациях дополнительного образования Карагандинской области""";35 636 220,00;
55;30.01.2025;"ИП ""ArtBusiness Group""Окончательная оплата 20% по  Счет  №2 от 09.01.25г. по  Договору №25 от 20.06.24г. (Пианино Rockdale - 1 комплект, Домбыра (ясень) - 5шт.)  для ОФ Ұлытау -Мейірім"" Центр для лиц с особыми потребностями (Область Ұлытау,
г.Жезказган, ул.Тимирязево 2)";73 800,00;
56;30.01.2025;"ТОО ""SPORTTRADE""Окончательная  оплата 40% по Счету
№2м3021 от 17.01.25г. по  Договору №09-02-3-245  от 11.06.24г. Накладная №2м3021 от 05.07.24, №2м30212, №2м3021/2 от 06.08.24г.(Спорт.инвентарь)  (для КГПна ПХВ Соматический санатории Карлыгаш УЗ Улытау обл.) проект «QH Ұлытау Мейірім"". ПС №53 от 11.03.24г.";610 600,00;
57;30.01.2025;"ИП ВВ (БАЙЕШОВ БЕКЖАН БАКЫТОВИЧ)Окончательная
оплата    по Договору №РЦ/2023-17-6 от 21.11.24г. (Поставка Ролл-шторы)   (Для  КГП на ПХВ Реабилитационный центр №2 УЗ г.Шымкент)  проект  «QH Oңалту орталықтары»";1 326 100,00;
58;30.01.2025;"ИП ВВ (БАЙЕШОВ БЕКЖАН БАКЫТОВИЧ)Окончательная
оплата по Договору №РЦ/2023-17-2 от 21.11.24г. (Поставка Ролл- шторы) (Для  КГП на ПХВ Многопрофильная детская областная больница УЗ СКО) проект «QH Oңалту орталықтары»";1 717 700,00;
59;30.01.2025;"ИП ВВ (БАЙЕШОВ БЕКЖАН БАКЫТОВИЧ)Окончательная
оплата по Договору №РЦ-Р/2023-15-4 от 12.12.24г. (Поставка Ролл-шторы)  (Для КГП на ПХВ Саркандская ЦРБ УЗ Жетысу) проект «QH Аудандык оңалту орталықтары»";1 610 900,00;
60;30.01.2025;"РГУ ""УГД по Есильскому району ДГД по городу Астана КГД МФ
РК"" ИПН (АСП  за январь  2025г.)  раненый - Татыбаев Максат Кайратович, 31.10.1985 гр. ИИН 851 031 300 434,";300 000,00;
61;30.01.2025;"ИП ВВ (БАЙЕШОВ БЕКЖАН БАКЫТОВИЧ)Окончательная
оплата по Договору №РЦ/2023-17-1 от 21.11.24г. (Поставка Ролл- шторы) (Для  КГП на ПХВ Областной РЦ  УЗ Павлодарской обл) проект «QH Oңалту орталықтары»";1 610 900,00;
62;30.01.2025;"ИП ВВ (БАЙЕШОВ БЕКЖАН БАКЫТОВИЧ)Окончательная
оплата по Договору №РЦ-Р/2023-15-1  от 12.12.24г. (Поставка Ролл-шторы) (Для КГП на ПХВ  Шалкарская РБ УЗ Актюбинской области ) проект «QH Аудандык ңалту орталықтары»";1 148 100,00;
63;30.01.2025;"ООО Медицинская ЛогистикаОплата по Договору №09-02-3-360 от 15.11.24г.(Россия)  (За проведения пуско-наладочных  работ, ввод в эксплуатацию и инструктаж по работе  с оборудованием (для КГПнаПХВ Многопроф.Детская Обл. больница УЗ СКО)
проект  QH Оңалту орталықтары»";534 204,00;
64;30.01.2025;ООО Медицинская ЛогистикаОплата   по Договору №09-02-3- 361  от 15.11.24г.(Россия)  (За проведения пуско-наладочных работ, ввод в эксплуатацию и инструктаж по работе  с оборудованием (для КГПнаПХВ Бейнеуская многопроф.ЦРБ  УЗ Мангистау обл)  проект  QH Аудандык оңалту орталықтары»;534 204,00;
65;30.01.2025;"ООО Медицинская ЛогистикаОплата   по Договору №09-02-3- 362 от 15.11.24г.(Россия)  (За проведения пуско-наладочных работ, ввод в эксплуатацию и инструктаж по работе  с оборудованием (для КГПнаПХВ Саркандская ЦРБ  УЗ Жетысу
обл)  проект  QH Аудандык оңалту орталықтары»";534 204,00;
66;30.01.2025;"ТОО ""MEDICAL CONSULTING GROUP""  Оплата по
возмещению расходов  по организации доставки донорской роговицы и лечению пациентов  с заболеваниями органов глаза (пересадка роговицы) по Договору №09-02-3-358  от 12.11.24г. согл  Счета №1  от 23.01.2025г., Проект  ""Оказание помощи пациентам с заболеваниями органов глаз, нуждающихся в пересадке роговицы""Согласно п.2,1 Договора";8 688 694,68;
67;05.02.2025;"ООО Медицинская ЛогистикаОплата 100%  по Договору №09-02- 3-363 от 15.11.24г.(Россия)  (За проведения пуско-наладочных работ, ввод в эксплуатацию и инструктаж по работе  с оборудованием (для КГПнаПХВ Шалкарская РБ  УЗ Актюб обл)
проект  QH Аудандык оңалту орталықтары»";546 014,70;
68;05.02.2025;"Филиал MEDICAL MARKETING GROUP, L.L.C.Окончательная оплата 50% по Договору №09-02-3-250 от 17.06.2024г. Акт поставки №286 от 14.10.24г. Проект QH Обеспечение Нац.научного онкологического центра оборудованием для проведения трансплантации органов, на закуп Модульного хирургического ретрактора Thomson (комплектация для
трансплантации почки с доп.кольцом для донора)  (1 единица)";10 755 000,00;
69;05.02.2025;"ТОО ""Raam Group"" Предоплата 50%  по Договору №09-02-3-4  от 29.01.25г.(для КГП на ПХВ Больница г.Шахтинск УЗ КО) по сч
№ 3 от 29.01.25г.  (Поставка -Электрокардиографа BTL 4 Pro- 5
шт) / проект ""QH Развитие кардиолологической службы в Карагандинской области""";6 250 000,00;
70;05.02.2025;"ТОО ""Медикал Солюшнс""Окончательная оплата 50%  по Договору №09-02-3-374 от 05.12.24г. (ВКО) согл Акт поставки
№35 от 10.01.25г.  в рамках программы ""Развитие объектов
здравоохранения и социальной поддержки в отдаленном приграничном Тарбагатайском районе/";1 500 000,00;
71;05.02.2025;"КФ ""ҚАМҚОРЛЫҚ ҚОРЫ""Возмещение  расходов за логистические услуги по м/перевозке груза, услуги СВХ, согласно Договорa №09-02-3-376 от 06.11.2023г. Заявка №29/Р-РЦ от 30.01.25г. (Москва-Астана, Обрудование ИП Васильева, OM Interactive Ltd-Великобритания, интерактивные комнаты 4шт.), траспортировка груза в Шалкар, Сарканд -оборд.Корвит)  проект
""QH Аудандык оңалту орталығы""";954 005,00;
72;05.02.2025;"ИП DevelopKZЗа услуги тренера по Договору   №11-02-6-31  от
29.02.24г. за январь  2025  года";300 000,00;
73;05.02.2025;"ИП УтегеновЗа услуги тренера по Договору  №11-02-6-34  от
29.02.24г.за январь  2025  года";300 000,00;
74;05.02.2025;"ИП АлпысбаевЗа услуги тренера по Договору   №11-02-6-37  от
29.02.24г.за январь  2025  года";300 000,00;
75;05.02.2025;"ИП Майкаранов БМЗа услуги тренера по Договору  №11-02-6-33
от 29.02.24г. за январь  2025  года";300 000,00;
76;05.02.2025;"ИП СалетаевЗа услуги тренера по Договору  №11-02-6-39  от
29.02.24г.за январь  2025  года";300 000,00;
77;05.02.2025;"ИП AibolsynЗа услуги тренера по Договору  №11-02-6-23  от
29.02.24г.за январь  2025  года";300 000,00;
78;05.02.2025;"ИП ""ДОС""За услуги тренера по Договору  №11-02-6-21  от
29.02.24г. за январь  2025  года";300 000,00;
79;05.02.2025;"ИП КеримбековЗа услуги тренера по Договору  №11-02-6-68 от 30.04.2024г./ проект ""QH Тұсау кесер, 2 этап расширение до 8
регионов"" за январь  2025  года";300 000,00;
80;05.02.2025;"ИП КондратенкоЗа услуги тренера по Договору  №11-02-6-38  от
29.02.24г.за январь  2025  года";300 000,00;
81;05.02.2025;"ИП ПРНАЗАРОВЗа услуги тренера по Договору  №11-02-6-30  от
29.02.24г. за январь  2025  года";300 000,00;
82;05.02.2025;"ИП MGЗа услуги тренера по Договору  №11-02-6-26  от 29.02.24г.
за январь  2025  года";300 000,00;
83;05.02.2025;"ИП КУБАЕВА АЛИЯ КУБАЕВНАЗа услуги тренера по Договору
№11-02-6-22  от 29.02.24г за январь  2025  года";300 000,00;
84;05.02.2025;"ИП ЗейноллаЗа услуги тренера по Договору  №11-02-6-24 от 29.02.2024г./ проекта ""QH Тұсау кесер, 2 этап расширение до 8
регионов"" за январь  2025  года";300 000,00;
85;05.02.2025;"ИП МамырбековЗа услуги тренера по Договору  №11-02-6-29 от 29.02.2024г./ проекта ""QH Тұсау кесер, 2 этап расширение до 8
регионов"" за январь  2025  года";300 000,00;
86;05.02.2025;"ИП Кардоватов За услуги тренера по Договору  №11-02-6-28  от 29.02.24г. / проекта ""QH Тұсау кесер, 2 этап расширение до 8
регионов"" за январь  2025  года";300 000,00;
87;05.02.2025;"ИП Третьякова-ЯковенкоЗа услуги тренера по Договору  №11-02- 6-27  от 29.02.24г./ проект ""QH Тұсау кесер, 2 этап расширение до
8 регионов"" за январь  2025  года";300 000,00;
88;05.02.2025;"ИП УсеновЗа услуги тренера по Договору  №11-02-6-32  от
29.02.24г. / проект ""QH Тұсау кесер, 2 этап расширение до 8 регионов"" за январь  2025  года";300 000,00;
89;05.02.2025;"ИП Нуралиев За услуги тренера по Договору  №11-02-6-35  от 29.02.24г. / проект ""QH Тұсау кесер, 2 этап расширение до 8
регионов""за январь  2025  года";300 000,00;
90;05.02.2025;"ИП Канагатов (Канагатов Нурсултан Сеилгазыевич)За услуги тренера по Договору №11-02-6-01 от 06.01.25г. / проект ""QH Тұсау кесер, 2 этап расширение до 8 регионов""за январь  2025
года";300 000,00;
91;07.02.2025;"ТОО ""SK MONOLIT LTD""4 часть по  Договору №11-02-6-67 от
22.04.24 за услуги Строительство спортивных залов ангарного типа (г.Шу, с.Бирлик Жамбыл область). АВР №1 от 22.01.25г.Проект ""Установка быстровозводимых модульных спортивных залов ангарного типа в городе Шу и селе Бирлик Жамбылской области """;26 920 782,60;
92;11.02.2025;"ТОО ""BBP Company""5 часть Оплата по факту выпол.работ (-40% от АВР) по  Договору  №11-02-6-277 от 17.07.2024г. за услуги Строительство быстровозводимого модульного спортивного зала ангарного типа в с. Копа Аягозского р-на области Абай». АВР №1 от 05.02.25г. Проект ""Установка быстровозводимых модульных спортивных залов ангарного типа в селе Копа Аягозского р-на
области Абай """;15 000 000,00;
93;11.02.2025;"Корпоративный фонд ""Компания по управлению целевым капиталом (эндаументом) ""Endowment Qazaqstan HalqПередача денежных средств в доверительное управление согласно Договора доверительного управления №09-02-03-321 от 12.07.2023г.
Основание:  Выписка из протокола  очного заседания
Попечительского совета ОФ КХ №2 от 31.01.2025г. /";736 541 947,16;
94;11.02.2025;"ТОО ""INKAR""3/Оплата  за 2  поставку  50 %  по Договору №09- 02-3-327 от 21.10.2024г. по приобретению, хранению и транспортировке лекарственного средства Сатрализумаб
(Энспринг) ( р-р для инъекций)";305 860 500,00;
95;13.02.2025;"ИП Бисекенов (Бисекенов Айгали Агарысулы)Оплата по факту
поставки  по  Договору  №РЦ-Р/2023-5-6  от 06.08.24г. проект ""QH Аудандык оңалту орталықтары""   (для ГКПна ПХВ Аральская  Многопроф.ЦРБ УЗ Кызылорд  области) /Шунгитовая комната -1 комплект)";4 700 000,00;
96;13.02.2025;"ТОО ""МебельBro""Предоплата 30% по Договору №РЦ-Р/2023-2-5
от 06.08.2024г. ГКП ""Бейнеуская МЦРБ УЗ Мангистау обл.г.
(Мебель в комплекте -16 позиций)  проект QH Аудандык оналту орталыктары.";2 661 060,00;
97;13.02.2025;"ИП Васильева Юлия БорисовнаОплата 100 %  по Договору №09-
02-3-16  от 31.01.2025г.Нейро -ортопедические реабилитационные пневмокостюмы РПК Атлант.  проект  «QH Үлес-Қараганды» (для Карагандинской области)";2 859 217,19;
98;14.02.2025;"ИП ЛОРДОкончательная оплата 50%  по Договорам №09-02-3- 375 от 05.12.24г., №09-02-3-376 от 05.12.24г. (ВКО) согл Счетов
№10,11 от 04.02.25г. в рамках программы ""Развитие объектов
здравоохранения и социальной поддержки в отдаленном приграничном Тарбагатайском районе/";377 340,00;
99;14.02.2025;"ТОО ""Med Progress Pharm""Предоплата 50%  по Договорам  №09- 02-3-5. №09-02-3-6 от 30.01.25г. (ВКО)  Счет №105,106  от
11.02.25г. в рамках программы ""Развитие объектов
здравоохранения и социальной поддержки в отдаленном приграничном Тарбагатайском районе/";2 950 000,00;
100;14.02.2025;"Rehab and Medical Limited2 этап Oплата  100% по Договору №09- 02-3-3 от 29.01.25г.г. (Тренажеры ортопедические, Многофункц. Терапевтическая система -укладка, Rifton Pacer, Мультистенд Дженкс, ортопедический велосипед) - 3 комплектаа,  в рамках проекта   ""QH Аудандық оңалту орталықтары""  Invoice №PI-
KZ4968.37-0225 от 03.02.2025г.";46 066 416,60;
101;18.02.2025;"ТОО ""Центр технической компетенции DEMEU"" оплата 28 % по Договору № 09-02-3-13 от 24.01.2024 года.поставка
медицинского оборудования УЗ области Абай";819 666 449,90;
102;24.02.2025;"ТОО ""INKAR""4/Оплата  за 2  поставку  50 %  по Договору №09- 02-3-327 от 21.10.2024г. по приобретению, хранению и транспортировке лекарственного средства Сатрализумаб
(Энспринг) ( р-р для инъекций) (111 флаконов)";305 860 500,00;
103;24.02.2025;"ТОО ""КФК ""Медсервис Плюс""Возврат средств поставщиком";-                                                  176 715 000,00;
104;26.02.2025;"КФ ""ҚАМҚОРЛЫҚ ҚОРЫ""Возмещение  расходов за логистические услуги по перевозке груза, (Сенсорные комнаты, Обруд.Rifton, г.Павлодар) Заявка №2 /ЦРВ  от 24.02.25г.
согласно Договора  №09-02-12 от 01.07.22 г. (Сенсорные комнаты
- 1- Blazebrite Ltd.TA Experia, Обруд.Rifton -Rehab and Medical, г.Павлодар)  проект Оснащение центров раннего вмешательства";260 000,00;
105;26.02.2025;"ИП ""ArtBusiness Group""Предоплата 70% по  Договора №09-02-3- 11 от 31.01.25г.  Счет №3 от 19,02,25г. (музыкальные инструменты)  для КГУ  Центр оказания спец соц услуг в условиях полустационара Тарбагатайского района,  проект «QH Развитие объектов здравоохранения и социальной поддержки в отдаленном приграничном Тарбагатайском районе/";224 700,00;
106;27.02.2025;"ТОО ""Центр технической компетенции DEMEU"" Oкончательная оплата (3)  2 % по Договору №09-02-3-8 от 18.01.2024 года, поставка медицинского оборудования  (2 ЛУЭ, КТ и доп.оборудование)  для АО ""КазНИИ онкологии и радиологии""(г.
Алматы)";122 213 281,13;
107;27.02.2025;"ТОО ""Центр технической компетенции DEMEU"" Окончательная оплата 2% (3) Оплата по факту поставки  28 %  по Договору
№09-02-3-10 от 18.01.2024 года (Медицинское оборудование в рамках БП ОФ (1 ЛУЭ, КТ и доп.оборудование)  для  КГП на ПХВ ""Многопрофильная областная больница   УЗ СКО";53 252 964,06;
108;26.02.2025;"ТОО ""АИР Строй Монтаж""Окончательная оплата 5 часть  по Договору  №11-02-6-146 от 04.06.24 г. АВР №1 от 31.01.25г.Строительство под ключ ""модульный спортивный зал ангарного типа""  (село Досбол Датка, Кызылординская обл)";23 089 054,80;
109;26.02.2025;"ТОО ""Солнечный Казахстан""Окончательная оплата 50% по Договору №09-02-3-355  от 11.11.24г. по Сч №15  от 18.02.25г. (Оборуд. для реабилитац центра ) для КГП на ПХВ Жамбылский областной специализированный реабилитационный центр УЗ Жамбыл обл.) Реабилитационное  оборудование  проект ""QH Дихан ауылындағы оңалту орталығы""";2 772 300,00;
110;26.02.2025;"ТОО ""SK MONOLIT LTD""5 часть Окончательная оплата по Договору №11-02-6-533  от 26.12.23 за услуги Строительство спортивных залов ангарного типа (Жетысу  область).  АВР №2 от 11.02.2025г. Проект ""Установка быстровозводимых модульных спортивных залов ангарного типа в селе  Капал Область Жетысу """;16 200 003,00;
111;27.02.2025;"ТОО ""Центр технической компетенции DEMEU"" Окончательная плата 2 % по Договору № 09-02-3-13 от 24.01.2024 года.поставка медицинского оборудования УЗ области Абай, для  ""ГКП на ПХВ Центр ядерной медицины  и онкологии УЗ области Абай"" согласно согласно Счета на оплату  №27 от 11.02.2025 года.";58 547 603,56;
112;27.02.2025;"ТОО ""Центр технической компетенции DEMEU"" Окончательная оплата 2% (3)  по Договору №09-02-3-9 от 18.01.2024 года, Поставка медицинского оборудования  (ЛУЭ,КТ и доп.оборудование) для ГКПнаПХВ  Многопрофильный
Мед.центр Акимата г.Астана";62 347 603,56;
113;27.02.2025;"ТОО ""Центр технической компетенции DEMEU""Окончательная оплата 2 % (3)  по Договору №09-02-3-383 от 19.12.2023 года/ Поставка медицинского оборудования в рамках БП ОФ (ЛУЭ, КТ и доп.оборудование) /для г. Караганды и доп.оборудование, для АО ""Казахский научно-исследовательский институт онкологии и радиологии"", для КГП на ПХВ ""Многопрофильная больница № 3 города Краганды"" УЗ Карагандинской области/ проект ""QH Развитие онкологической службы в части оснащением
оборудования""";53 008 231,53;
114;27.02.2025;"ТОО ""КФК ""Медсервис Плюс""(4 Оплата)  по  Доп.согл.№3 от 21.02.25г.к Дог. №09-03-117  от 22.09.23г.  по приобретению и хранению  лекарственного средства Линпарза (Олапариб)
табл.150мг№56  (98000 таблеток)";2 114 546 000,00;
115;27.02.2025;"ТОО ""СТОФАРМ"" Оплата за 1  поставку  по Договору  №09-02-3- 22 от 21.02.2025г.  по приобретению, хранению и транспортировке лекарственного средства Лорбрена (Лорлатиниб) 100мг/№30 ,25мг/№90 таблетки  (132 и 48  упаковки)";361 628 244,00;
116;28.02.2025;"ТОО ""SHARBAK""Окончательная оплата (5)  АВР №1 от
24.02.25г. по  Договору №11-02-6-87 за услуги Строительство спортивных залов ангарного типа Проект ""Установка быстровозводимых модульных спортивных залов ангарного типа
городе Сатпаев и в селе Ералиев область Ұлытау""";18 537 061,78;
117;28.02.2025;"ТОО ""Medicare International""Окончательная оплата 50% на изготовление протеза руки для заявителя ID00045599 ,
07.01.2005  гр.  Сч 16 от 25.02.25г. АПП б/н от 24.09.25г. Договор
№09-02-3-316 от 24.09.24г. (Адресная помощь) /";2 800 000,00;
118;28.02.2025;"КФ ""ҚАМҚОРЛЫҚ ҚОРЫ""Возмещение  расходов за
таможенный сбор, пошлину, возмещение НДС, согласно Договорa №09-02-3-376 от 06.11.2023г.Заявка  №31/Р-РЦ от 26.02.25г.(Обрудование -AksesМed zoo. Польша, для Акмолинской, Жамбылской, Кызылординской областей)  проект ""QH Аудандык оңалту орталығы""";1 828 592,00;
119;28.02.2025;"КФ ""ҚАМҚОРЛЫҚ ҚОРЫ""Возмещение  расходов за траспортировку груза по маршруту (Астана-Бейнеу), согласно Договорa №09-02-3-376 от 06.11.2023г.Заявка  №30/Р-РЦ от 24.02.25г.(1 - интерактивная комната)  проект ""QH Аудандык
оңалту орталығы"".";205 000,00;
120;28.02.2025;"ИП Бисекенов (Бисекенов Айгали Агарысулы)Окончательная
оплата 70%  по сч №3  от 11.02.25г. проект ""QH Аудандык оңалту орталықтары""  по  Договор  №РЦ/2023-5-5 от 10.01.24г. (Шунгитовая комната -1 шт.)  для ГКП на ПХВ Бейнеуская ЦРБ
Мангистау обл";3 290 000,00;
121;28.02.2025;"ТОО ""Royal Engineering Kazakhstan""Оплата  100% по Договору
№РЦ-P/2023-6-5 от 10.07.24г.  Счет  №00000003 от 10.02.25г.
Установка сенсорной и интерактивной комнаты  Акт №3 от 07.02.25г. (ГКП на ПХВ «Бейнеуская  ЦРБ » УЗ Мангистау обл»)/проект «QH Аудандық оңалту орталықтары»";3 360 000,00;
122;06.03.2025;"ТОО ""СТОФАРМ"" Оплата 2 поставка по Счету №30 от 24.02.25г..  по Договору  №09-02-3-391 от 18.12.2024г.  за лекарственный препарат Коселуго (Селуметиниб) (капсулы 10мг
№60, (для 1 ребенка)  г. Экибастуз, ул.Машхур Жусупа,42Г, КГП на ПХВ Поликлиника №3, Павлодарская  область)";32 931 360,00;
123;06.03.2025;"ООО Медицинская Логистика Оплата 100%  по Договору №09-02- 3-364 от 15.11.24г.(Россия) (За услуги проведения пуско- наладочных  работ, ввод в эксплуатацию и инструктаж по работе
с оборудованием  (для КГП на ПХВ Жаскынская районная больница УЗ Акмол обл) проект ""QH Аудандык оңалту орталықтары"" Счет №1040/3 от 27.02.25г. ПС №36 от 29.05.23г.";560 241,00;
124;06.03.2025;"ТОО Acvee Market Astana Оплата 100% по Договору  №09-02-3-7
от 30.01.25г. (ВКО)  Счет №АМ-3338  от 27.02.25г. (Магнит- маркерная доска - 2шт.)  для ГКП на ПХВ Тарбагатайская РБ Тарбагайтаского р-на УЗ ВКО  в рамках программы ""Развитие объектов здравоохранения и социальной поддержки в отдаленном
приграничном Тарбагатайском районе/";45 670,00;
125;06.03.2025;"ТОО ""Royal Engineering Kazakhstan"" Оплата  100% по Договору
№РЦ-P/2023-6-1 от 10.07.24г. Счет №00000002 от 10.02.25г.
Установка сенсорной и интерактивной комнаты  Акт №2 от 03.02.25г. (ГКП на ПХВ « Шалкарская РБ » УЗ Актюбинская обл»)/проект «QH Аудандық оңалту орталықтары»";3 360 000,00;
126;06.03.2025;"ТОО ""Medicare International"" Окончательная оплата 50% ,согл
Договора № 09-4 от 17.05.2022г. доп согл №2 , счет  №13 от
14.02.2025г. за изготовление протеза руки, для заявителя ID 46666";4 000 000,00;
127;06.03.2025;"ТОО ""Medicare International ""Окончательная оплата 50% на
изготовление протеза руки для заявителя  ID 46726, Сч №18 от 24.02.2025г.Согласно Договор №09-4 от 17.05.2022г.
Доп.соглаш.№2";7 750 000,00;
128;06.03.2025;"ТОО ""Medicare International"" Окончательная оплата 50% за
изготовление протеза  бедра  для ID 45475, Сч 21 от 26.02.25г.";2 750 000,00;
129;06.03.2025;"АО ""Республиканский протезно-ортопедический центр"" Окончательная оплата 50% на изготовление протеза кисти  для заявителя D 46663, Счет 32 от 03.03.25, Договор №09-02-3-157 от
29.03.2024г.";1 000 000,00;
130;06.03.2025;"ТОО ""Medicare International ""Окончательная оплата 50% ,согл Договора № 09-4 от 17.05.2022г. доп согл №2 , счет  №14 от 18.02.2025г. за изготовление протеза  руки, для заявителя ID
46669";4 000 000,00;
131;07.03.2025;"ТОО ""СТОФАРМ"" Предоплата 100%  по Договору  №09-02-3-28 от 04.03.25г  по Счету №40 от 04.03.25г.. за лекарственный препарат Коселуго (Селуметиниб) (капсулы 10мг №60, (для 1 ребенка ЗКО, г.Уральск, пос,Зачаганск, КГПнаПХВ  Городская
поликлиника №6)";27 430 920,00;
132;07.03.2025;"ТОО ""СТОФАРМ"" Предоплата 100%  по Договору  №09-02-3-29 от 04.03.25г  по Счету №41 от 04.03.25г.. за  лекарственный препарат Коселуго (Селуметиниб) (капсулы 10мг №60, (для 1 ребенка Жамбыл.обл.,р-он Шуский, с.Толе бик, КГПнаПХВ
Шуская ЦРБ)";16 465 680,00;
133;07.03.2025;"ТОО ""СТОФАРМ"" Предоплата 100%  по Договору  №09-02-3-30 от 04.03.25г  по Счету №42 от 04.03.25г.. за  лекарственный препарат Коселуго (Селуметиниб) (капсулы 10мг №60, (для 1 ребенка г. Костанай, 9мкр, д.6, КГУ Костанайская обл.спец.база
мед.снабжения)";37 038 870,00;
134;07.03.2025;Akces-Med Sp.z o.o Предоплата 50%  на поставку товара для оснащения РЦ по   Договору №09-02-3-21 от 18.02.2025г. в рамках проекта  «QH Үлес-Қараганды» Invoice  №DEX 004/102/2025  от 24.02.2025г.(Реабилитационное ортопед.кресло Слоненок- 2 шт./Размер 1, Реабилитационное ортопед.кресло Kiddo- 2*2 шт/Размер 2,3, для Карагандинской области);1 444 546,60;
135;07.03.2025;"ООО ""ВИТ""Предоплата 50%  по Договору  №09-02-3-20  от 18.02.2025г.(Имитатор опорной нагрузки Корвит) 1 комплект , Счет на оплату №21 от 24.02.25г. ( Проект ""QH ""Үлес- Қарағанды"") совместной деятельности ОФ ""Baguatty aimag gory""
Сумма 430 500-00 RUB";2 400 855,45;
136;11.03.2025;"ТОО ""МК Интерна"" Предоплата 30% по сч №28  от 05.03.25г.Договор №МСУ/2025-1 от 06.03.25г.Проект ""QH ""Үлес- Қарағанды"") совместной деятельности ОФ ""Baguatty aimag gory""
/дл КГУ Центр оказ.спец.соц.услуг для детей Кар.обл.";718 050,00;
137;11.03.2025;"ИП DevelopKZ За услуги тренера по Договору №11-02-6-31 от
29.02.24г. за февраль 2025 года";300 000,00;
138;11.03.2025;"ИП Алпысбаев За услуги тренера по Договору №11-02-6-37 от
29.02.24г.за февраль 2025 года";300 000,00;
139;11.03.2025;"ИП Майкаранов БМ За услуги тренера по Договору №11-02-6-33
от 29.02.24г. за февраль 2025года";300 000,00;
140;11.03.2025;"ИП Утегенов За услуги тренера по Договору №11-02-6-34 от
29.02.24г.за февраль 2025года";300 000,00;
141;11.03.2025;"ИП Салетаев За услуги тренера по Договору №11-02-6-39 от
29.02.24г.за февраль 2025года";300 000,00;
142;11.03.2025;"ИП Канагатов (Канагатов Нурсултан Сеилгазыевич) За услуги тренера по Договору №11-02-6-01 от 06.01.25г./ проект ""QH Тұсау кесер, 2 этап расширение до 8 регионов"" за февраль
2025года";300 000,00;
143;11.03.2025;"ИП Aibolsyn За услуги тренера по Договору №11-02-6-23  от
29.02.24г. за февраль 2025года";300 000,00;
144;11.03.2025;"ИП ""ДОС"" За услуги тренера по Договору №11-02-6-21 от
29.02.24г. за февраль 2025года";300 000,00;
145;11.03.2025;"ИП Керимбеков За услуги тренера по Договору №11-02-6-68 от
30.04.2024г./ проект ""QH Тұсау кесер, 2 этап расширение до 8 регионов"" за февраль 2025года";300 000,00;
146;11.03.2025;"ИП Кондратенко За услуги тренера по Договору №11-02-6-38 от
29.02.24г. за февраль 2025года";300 000,00;
147;11.03.2025;"ИП ПРНАЗАРОВ За услуги тренера по Договору №11-02-6-30 от
29.02.24г. за февраль 2025года";300 000,00;
148;11.03.2025;"ИП MG За услуги тренера по Договору №11-02-6-26 от 29.02.24г.
за февраль 2025года";300 000,00;
149;11.03.2025;"ИП КУБАЕВА АЛИЯ КУБАЕВНА За услуги тренера по Договору
№11-02-6-22 от 29.02.24г. за февраль 2025года";300 000,00;
150;11.03.2025;"ИП Зейнолла За услуги тренера по Договору №11-02-6-24 от 29.02.2024г./ проекта ""QH Тұсау кесер, 2 этап расширение до 8
регионов"" за февраль 2025года";300 000,00;
151;11.03.2025;"ИП Мамырбеков За услуги тренера по Договору №11-02-6-29 от
29.02.2024г./ проекта ""QH Тұсау кесер, 2 этап расширение до 8 регионов"" за февраль 2025года";300 000,00;
152;11.03.2025;"ИП Кардоватов За услуги тренера по Договору  №11-02-6-28  от
29.02.24г. / проекта ""QH Тұсау кесер, 2 этап расширение до 8 регионов"" за февраль 2025года";300 000,00;
153;11.03.2025;"ИП Третьякова-Яковенко За услуги тренера по Договору №11-02- 6-27  от 29.02.24г./проект ""QH Тұсау кесер, 2 этап расширение до
8 регионов"" за февраль 2025года";300 000,00;
154;11.03.2025;"ИП Усенов За услуги тренера по Договору №11-02-6-32 от 29.02.24г. /проект ""QH Тұсау кесер, 2 этап расширение до 8
регионов"" за февраль 2025года";300 000,00;
155;11.03.2025;"ИП Нуралиев За услуги тренера по Договору №11-02-6-35  от 29.02.24г. / проект ""QH Тұсау кесер, 2 этап расширение до 8
регионов"" за февраль 2025года";300 000,00;
156;13.03.2025;"ТОО ""КазСтроиИнжиниринг"" Окончательная оплата по факту работ по Договору №11-02-6-481 от 20.11.24 года (Технадзор) Счет №000000002  от 11.03.2025г (с.Иванковка, Буландынского р- на, Акмолинской области) (Строительство 1 одновартирного жилого дома в с.Иванковка, Буландынского р-на, Акмолинской
области)";200 000,00;
157;13.03.2025;"ТОО ""КазСтроиИнжиниринг"" Окончательная оплата  50%  (1 этап - РБК - с.Иванковка, Буландынского р-на, Акмолинской области) по Договору №11-02-6-282 от 13.08.24 года (Технадзор) Счет №1  от 11.03.2025г АВР №1 от 04.02.25г.  (Строительство 21 двухквартирного жилого дома в с.Иванковка, Буландынского р-
на, Акмолинской области)";5 526 454,00;
158;13.03.2025;"ТОО ""РАУЗА-АДЕ"" ОнкоПлан - Оплата (4) по Счету  №УТRZ- 004067  от 07.03.2025г. согласно Договора  №09-03-118  от 22.09.2023г. ДС №3 от  04.03.25г. по приобретению, хранению и транспортировке лекарственного средства Помалидомид-Виста
(4 поставка)";720 000 000,00;
159;13.03.2025;"ТОО ""Базисный Магазин"" Окончательная оплата 50% по Договорам №11-02-6-07 от 27.01.25г. №11-02-6-08 от 27.01.25г.
Счета №54,55 от 11.03.25г. Проект  ""QH Внедрение STEM-
обучения в организациях дополнительного образования Карагандинской области""";2 348 030,00;
160;18.03.2025;"КФ ""ҚАМҚОРЛЫҚ ҚОРЫ"" Возмещение  расходов по отправке деталей в рамках гарантийного обслуживания интерактивных комнат/ Астана-Петропавловск) согласно Договора №09-02-3-9 от 05.04.2022 года Заявка №31/РЦ от 11.03.25г.проект «QH Оңалту
орталығы»";3 650,00;
161;18.03.2025;"ИП ВВ (БАЙЕШОВ БЕКЖАН БАКЫТОВИЧ) Окончательная
оплата  100%  по Договору №РЦ-Р/2023-15-7 от 12.12.24г.  счет
№6 от 05.03.25. ( для ГКПна ПХВ Жаксынская РБ УЗ Акмол обл,) (Поставка Ролл-шторы) проект  «QH Аудандық оңалту
орталықтары»";1 557 500,00;
162;18.03.2025;"ТОО ""OPTONIC"" 2 этап  оплата 50% по Договору №09-02-3-386
от 21.12.2023г. ДС 1 от 11.03.25г. Счет №7,8,9,10,11 от 11.03.25г
.строительного подряда ""под ключ"" в рамках проекта ""QH Развитие детской нейрохирургической службы"" ""Создание гибридной операционной в АО ""Национальном центре нейрохирургии""в г. Астана ПС №36 от 29.05.2023г.(оплата согласно актов поставки по пунктам №2, 4, 5, 6,8 Приложения
№1 основного Договора";211 808 683,50;
163;18.03.2025;"ИП Айымкулов (Айымкулов Диас Нурлыбекович) За услуги
тренера по Договору №11-02-6-12 от 07.03.2025г. / проект ""QH Тұсау кесер, 2 этап расширение до 8 регионов""за февраль  2025 года";300 000,00;
164;18.03.2025;"ИП Nazarkhanuly (Назарханұлы Темірлан) За услуги тренера по
Договору №11-02-6-13 от 07.03.2025г. / проект ""QH Тұсау кесер, 2 этап расширение до 8 регионов""за февраль 2025года";300 000,00;
165;18.03.2025;"ИП Джанай (Джанай Аслан) За услуги тренера по Договору №11-
02-6-11 от 07.03.2025г. / проект ""QH Тұсау кесер, 2 этап расширение до 8 регионов""за февраль 2025года";300 000,00;
166;18.03.2025;"ИП Абикенов (Абикенов Канат Серикович) За услуги тренера по
Договору №11-02-6-10 от 07.03.2025г. / проект ""QH Тұсау кесер, 2 этап расширение до 8 регионов""за февраль 2025года";300 000,00;
167;18.03.2025;"ИП Абдрахманов Е.Х. За услуги тренера по Договору №11-02-6-
14 от 07.03.2025г. / проект ""QH Тұсау кесер, 2 этап расширение до 8 регионов""за февраль 2025года";300 000,00;
168;18.03.2025;"ИП Жасанов (Жасанов Рашид Амангалиевич) За услуги тренера по Договору №11-02-6-09 от 07.03.2025г. / проект ""QH Тұсау кесер, 2 этап расширение до 8 регионов""за февраль 2025года";300 000,00;
169;19.03.2025;"ТОО ""Raam Group"" Окончательная оплата 50% по Договору №09- 02-3-4  от 29.01.25г.(для КГП на ПХВ Больница г.Шахтинск УЗ КО) по сч №4 от 17.03.25г. Накладная №1 от 21.02.2025г. (Поставка -Электрокардиографа BTL 4 Pro- 5 шт) / проект ""QH Развитие кардиолологической службы в Карагандинской
области""";6 250 000,00;
170;19.03.2025;"ТОО ""ZEIN INVEST"" Предоплата 50% по счетам  №31,30  от 14.03.25г по Договорам №09-02-3-55 от 13.03.25г., №09-02-3-56
от 14.03.25г. . проект ""QH Развитие комбустиологической службы
в Карагандинской области""";26 850 000,00;
171;20.03.2025;"TOO ""Джома-НС"" Предоплата 50% по Счету №14 от 19.03.25. по Договору №11-02-615 от 19.03.25г.  (Поставка спорт инвентаря Благотворительный проект ""QH Развитие спорта для лиц с особенностями интеллектуального развития"" Выписка Правления ОФ КХ №6 от 13.03.25г. Для РОО ""Федерация спорта для лиц с особенностями интеллектуального развития""";411 616,50;
172;26.03.2025;"ТОО ""ИНТЕРФАРМСЕРВИС"" Предоплата за 2 поставку Договора  №09-02-3-398  от 30.12.2024г.(СКО)за лекарственное средство Виондис-53 (Голодирсен)  р-р  по 100 мг/2мл. , по Счету
№167 от 12.03.25г.,  .(1 реб) /для КГП на ПХВ  Кызылжарская РЦ, СКО Кызылжарский р-он,с.Бесколь,ул. Пирогова,д.19 /";92 798 690,40;
173;26.03.2025;"ТОО ""AMI Construction Group"" Окончательная оплата (5 этап- Казахмыс-РБК-СКО)  Счет №1  от 19.03.2025г. по факту выполненных работ  по  Договор №11-02-6-142 от 29.05.2024 года за услугу стр-ва жилых домов гражданам РК пострадавшим от паводков. Акт выполненных работ №7 от 23.12.2024 года,
/Строительство одноэтажных домов для граждан, пострадавших от чрезвычайных  ситуатаций природного характера (СКО, г.Петропавловск, мкр.Солнечный-2)";23 609 114,00;
174;26.03.2025;"ТОО ""Kazakh Kazyna"" Окончательная оплата (7 этап-Казахмыс- РБК-СКО-15 домов)  Счет №1  от 17.03.2025г. по факту выполненных работ  по  Договор №11-02-6-138 от 29.05.2024г.(СКО 2)  за услугу стр-ва жилых домов гражданам РК пострадавшим от паводков. Акт выполненных работ №10 от 20.08.2024 года/Строительство одноэтажных домов для граждан, пострадавших от чрезвычайных  ситуатаций природного характера (СКО, г.Петропавловск, мкр.Солнечный-2)";23 609 115,00;
175;26.03.2025;"АО ""Республиканский протезно-ортопедический центр"" Окончательная оплата 50% за изготовление протеза голени для ID 46593, Счет 164 от 06.09.2024, Договор №09-02-3-157 от
29.03.2024г№";438 783,00;
176;01.04.2025;"ИП Айымкулов (Айымкулов Диас Нурлыбекович)Возмещение расходов За услуги тренера по Договору №11-02-6-12 от 07.03.2025г. / проект ""QH Тұсау кесер, 2 этап расширение до 8
регионов""за февраль  2025  года";90 064,00;
177;01.04.2025;"ИП Nazarkhanuly (Назарханұлы Темірлан)Возмещение расходов За услуги тренера по Договору №11-02-6-13 от 07.03.2025г. / проект ""QH Тұсау кесер, 2 этап расширение до 8 регионов""за
февраль  2025  года";72 521,00;
178;01.04.2025;"ТОО ""Medicare International""Окончательная оплата 50% на
изготовление протеза бедра для заявителя  ID46711, Согласно Договор №09-4 от 17.05.2022г. Доп.соглаш.№2";2 750 000,00;
179;01.04.2025;"КФ ""ҚАМҚОРЛЫҚ ҚОРЫ ""Возмещение  расходов за услуги
брокера, услуги СВХ, отправка корреспонденции, согласно Договорa №09-02-3-376 от 06.11.2023г.Заявка  №32/Р-РЦ от 11.03.25г.(Обрудование -AksesМed zoo. Польша, для Акмолинской, Жамбылской, Кызылординской обл., Жаксы,
Дихан,Аральск)  проект ""QH Аудандык оңалту орталығы"".";161 953,00;
180;01.04.2025;"ТОО ""METAMED"" Оплата 100 % по факту поставки по Договору
№РЦ-Р/2023-8-6 от 06.08.2024 г. Счет №1  от 18.03.2025г.. (для
КГП на ПХВ  Аральская многопроф ЦРБ  УЗ КЗО г.Аральск) проект «QH Аудандык оңалту орталығы»";12 965 000,00;
181;01.04.2025;"ТОО ""МК Интерна""Окончательная оплата 70% по сч №35  от 20.03.25г.Договор №МСУ/2025-1 от 06.03.25г.Проект ""QH ""Үлес- Қарағанды"") совместной деятельности ОФ ""Baguatty aimag gory""
/дл КГУ Центр оказ.спец.соц.услуг для детей Кар.обл./";1 675 450,00;
182;01.04.2025;"ИП ВВ (БАЙЕШОВ БЕКЖАН БАКЫТОВИЧ) Окончательная
оплата  100%  по Договору №РЦ-Р/2023-15-6 от 17.12.24г.  счет
№8 от 14.03.25. ( для ГКПна ПХВ Аральская межрайонная больница УЗ КЗО)  (Поставка Ролл-шторы) проект  «QH Аудандық оңалту орталықтары»";1 869 000,00;
183;01.04.2025;"ТОО Комплексные энергетические системыПредоплата 50% по счетам  №2.3   от 26.03.25г по Договорам №09-02-3-137 от 29.03.24г., №09-02-3-158  от 02.04.24г. . проект ""QH Развитие
комбустиологической службы в Карагандинской области""";7 690 000,00;
184;01.04.2025;"ТОО ""АИР Строй Монтаж""1 часть аванса 20%  по Договору  №11- 02-6-15  от 28.03.25 г. Строительство под ключ ""модульный спортивный зал ангарного типа""  (г.Балхаш, Карагандинская область, КГКП Городской спортивный клуб Балхаш ) Благотворительный проект ""Установка быстровозводимых модульных спортивных залов ангарного типа в городе Балхаш в
Карагандинской области""";40 000 000,00;
185;01.04.2025;"ИП ВВ (БАЙЕШОВ БЕКЖАН БАКЫТОВИЧ) Окончательная
оплата  100%  по Договору №РЦ-Р/2023-15-2 от 12.12.24г.  счет
№11 от 26.03.25. ( для ГКПна ПХВ Кегенская районная больница
УЗ Алмат обл)  (Поставка Ролл-шторы) проект  «QH Аудандық оңалту орталықтары»";2 136 000,00;
186;01.04.2025;"ТОО ""Медицинский Холдинг""Sintez-KZ"" (Синтез-КЗ)"" Окончательная оплата 70% по сч №20  от 13.03.25г. проект ""QH Аудандык оңалту орталықтары""   Договор №РЦ-Р/2023-3-5 от 11.01.24г.  (Комплект ERGO для восстановления навыков мелкой моторики, для ГКП на ПХВ Бейнеуская МЦРБ УЗ Мангистау
область)";770 000,00;
187;01.04.2025;"ТОО ""МК Интерна"" Окончательная оплата 70% по счету  №32  от 13.03.25г. проект ""QH Аудандык оңалту орталықтары""  по Договору №РЦ-Р/2023-11-5 от 11.01.24г. для ГКП на ПХВ
Бейнеуская МЦРБ УЗ Мангистау область)";5 019 000,00;
188;01.04.2025;"ТОО ""METAMED"" Окончательная оплата 70%  по  Договору
№РЦ-Р/2023-8-5 от 23.02.2024 г. Счет №2 от 27.03.25г. (Зонды массажные, Постановочные, Иммерсионная ванна, Весы напольные, Шведская стенка,кушетка, прибор светотерапии Биотрон)  (для  КГП на ПХВ  Бейнеуская многопроф ЦРБ  УЗ
Мангистау обл проект «QH Аудандык Оңалту орталығы»";9 075 500,00;
189;01.04.2025;"ТОО ""ОСТ-ФАРМ""Окончательная оплата 50%  по Договорам
№09-02-3-377 от 06.12.24г., №09-02-3-381 от 06.12.24г. (ВКО)
согл Счетов №УТ-6, 7  от 19.03.25г. в рамках программы ""Развитие объектов здравоохранения и социальной поддержки в отдаленном приграничном Тарбагатайском районе/ Протокол ПС
№39 от 10.07.2023г. (спец.оборудование РЦ для полустационаров
Тарбагатайского района (ВКО)";2 548 070,00;
190;01.04.2025;"ТОО ""Базисный Магазин""Окончательная оплата 50% по Договорам №11-02-6-03 от 27.01.25г. №11-02-6-04 от 27.01.25г.
№11-02-6-06 от 27.01.25г. Счета №61,64,65   от
19.03.25г.(г.Сарань, г.Шахтинск, г.Каркаралинск) Проект  ""QH Внедрение STEM-обучения в организациях дополнительного образования Карагандинской области""";18 674 675,00;
191;01.04.2025;"ТОО ""Карагандинский фармацевтический комплекс""ОнкоПлан - Оплата 1 поставку   по Сч №УП-27  от 28.03.2025г. Договора
№09-02-3-61 от 27.03.25г.(Онко)  по приобретению, хранению и транспортировке лекарственного средства Блинцито (Блинатумумаб) 900 флаконов/концентрат для инфузий 35мкг";928 625 652,00;
192;01.04.2025;"ТОО ""ИНТЕРФАРМСЕРВИС"" Оплата за 1 поставку  по Договору  №09-02-3-60  от 18.03.25г.(Шымкент), за лекарственное средство Этеплирсен (Эксондис 51)  р-р  по 500мг/10мл/100 мг/2мл./13+26 флаконов/(1 реб) , по счету №202 от 20.03.25г. /для ГКП на ПХВ Городская поликлиника №9, г.
Шымкент, Абайский район, ул.Жиделибайсын, д.62 В/";107 799 692,00;
193;01.04.2025;"ТОО ""ИНТЕРФАРМСЕРВИС""Оплата за 1 поставку  по  Договору
№09-02-3-48  от 11.03.25г. (Павл обл), за лекарственное средство Этеплирсен (Эксондис 51)  р-р  по 500мг/10мл/100 мг/2мл./130 флаконов/(1 реб) , по счету №166 от 11.03.25г. /для ГКП на ПХВ Гор поликлиника №5, г. Павлодар, ул.Камзина, д.5/";176 399 496,00;
194;01.04.2025;"ТОО ""СТОФАРМ""Оплата 2 часть поставки   по Договору  №09- 02-3-392 от 18.12.2024г. Счету №47 от 20.03.25г. за
лекарственный препарат Коселуго (Селуметиниб) (капсулы 10мг
№60, (для 1 ребенка) (Жетысайский район, село Ынтымак, ул.Корикти, дом 24, КГПнаПХВ  Жетысайская ЦРБ, Туркестанская  область)";16 465 680,00;
195;01.04.2025;"ТОО ""SWIXX BIOPHARMA (СВИКС БИОФАРМА)""Оплата за 1
часть поставки  по Договору №09-02-3-59 от 17.03.25г.(мангистау обл) по  Счету на оплату  №171  от 28.03.25г., приобретения лекарственного средства  Крисвита, 20 мг/мл 1 реб/";30 685 656,00;
196;01.04.2025;"ТОО ""SWIXX BIOPHARMA (СВИКС БИОФАРМА)""Оплата за 1
часть поставки  по Договору №09-02-3-58 от 17.03.25г(Кар обл) . по  Счету на оплату  №172  от 28.03.25г., приобретения лекарственного средства  Крисвита, 20 мг/мл 1 реб/";30 685 656,00;
197;01.04.2025;"ТОО ""SWIXX BIOPHARMA (СВИКС БИОФАРМА)""Оплата за 1
часть поставки  по Договору №09-02-3-47 от 07.03.25г(ЗКО Уральск) . по  Счету на оплату  №173  от 28.03.25г., приобретения лекарственного средства  Крисвита, 20 мг/мл/2 детей/";61 371 312,00;
198;01.04.2025;"ИП Джанай (Джанай Аслан)Возмещение расходов За услуги
тренера по Договору №11-02-6-11 от 07.03.2025г. / проект ""QH Тұсау кесер, 2 этап расширение до 8 регионов""за февраль  2025 года";50 018,00;
199;01.04.2025;"ИП Жасанов (Жасанов Рашид Амангалиевич)Возмещение
расходов За услуги тренера по Договору №11-02-6-09 от 07.03.2025г. / проект ""QH Тұсау кесер, 2 этап расширение до 8 регионов""за февраль  2025  года";99 499,00;
200;01.04.2025;"ИП Абдрахманов Е.Х. Возмещение расходов За услуги тренера по
Договору №11-02-6-14 от 07.03.2025г. / проект ""QH Тұсау кесер, 2 этап расширение до 8 регионов""за февраль  2025  года";99 499,00;
201;01.04.2025;"ТОО ""АК НИЕТ""ОнкоПлан - Оплата (3)  по  Договор №09-03-124 от 09.10.2023г.  по приобретению, хранению и транспортировке лекарственного средства Венклеста (Венетоклакс) капсулы в упаковке/310 упаковок/№112 по 100 мг/  по Счету №АК-
00000014  от 20.03.2025г.";653 083 200,00;
202;03.04.2025;"ИП DevelopKZЗа услуги тренера по Договору   №11-02-6-31  от
29.02.24г. за март  2025  года";300 000,00;
203;03.04.2025;"ИП АлпысбаевЗа услуги тренера по Договору   №11-02-6-37  от
29.02.24г.за март  2025  года";300 000,00;
204;03.04.2025;"ИП Майкаранов БМЗа услуги тренера по Договору  №11-02-6-33
от 29.02.24г. за март  2025  года";300 000,00;
205;03.04.2025;"ИП УтегеновЗа услуги тренера по Договору  №11-02-6-34  от
29.02.24г.за март  2025  года";300 000,00;
206;03.04.2025;"ИП СалетаевЗа услуги тренера по Договору  №11-02-6-39  от
29.02.24г.за март  2025  года";300 000,00;
207;03.04.2025;"ИП Канагатов (Канагатов Нурсултан Сеилгазыевич)За услуги тренера по Договору №11-02-6-01 от 06.01.25г. / проект ""QH Тұсау кесер, 2 этап расширение до 8 регионов""за март  2025  года";300 000,00;
208;03.04.2025;"ИП AibolsynЗа услуги тренера по Договору  №11-02-6-23  от
29.02.24г. за март  2025  года";300 000,00;
209;03.04.2025;"ИП ""ДОС""За услуги тренера по Договору  №11-02-6-21  от
29.02.24г. за март  2025  года";300 000,00;
210;03.04.2025;"ИП КеримбековЗа услуги тренера по Договору  №11-02-6-68 от 30.04.2024г./ проект ""QH Тұсау кесер, 2 этап расширение до 8
регионов"" за март  2025  года";300 000,00;
211;03.04.2025;"ИП КондратенкоЗа услуги тренера по Договору  №11-02-6-38  от
29.02.24г.за март  2025  года";300 000,00;
212;03.04.2025;"ИП ПРНАЗАРОВЗа услуги тренера по Договору  №11-02-6-30  от
29.02.24г. за март  2025  года";300 000,00;
213;03.04.2025;"ИП MGЗа услуги тренера по Договору  №11-02-6-26  от 29.02.24г.
за март  2025  года";300 000,00;
214;03.04.2025;"ИП КУБАЕВА АЛИЯ КУБАЕВНАЗа услуги тренера по Договору
№11-02-6-22  от 29.02.24г за март  2025  года";300 000,00;
215;03.04.2025;"ИП ЗейноллаЗа услуги тренера по Договору  №11-02-6-24 от 29.02.2024г./ проекта ""QH Тұсау кесер, 2 этап расширение до 8
регионов"" за март  2025  года";300 000,00;
216;03.04.2025;"ИП МамырбековЗа услуги тренера по Договору  №11-02-6-29 от 29.02.2024г./ проекта ""QH Тұсау кесер, 2 этап расширение до 8
регионов"" за март  2025  года";300 000,00;
217;03.04.2025;"ИП Кардоватов За услуги тренера по Договору  №11-02-6-28  от 29.02.24г. / проекта ""QH Тұсау кесер, 2 этап расширение до 8
регионов"" за март  2025  года";300 000,00;
218;03.04.2025;"ИП Третьякова-ЯковенкоЗа услуги тренера по Договору  №11-02- 6-27  от 29.02.24г./ проект ""QH Тұсау кесер, 2 этап расширение до
8 регионов"" за март  2025  года";300 000,00;
219;03.04.2025;"ИП УсеновЗа услуги тренера по Договору  №11-02-6-32  от
29.02.24г. / проект ""QH Тұсау кесер, 2 этап расширение до 8 регионов"" за март  2025  года";300 000,00;
220;03.04.2025;"ИП Нуралиев За услуги тренера по Договору  №11-02-6-35  от 29.02.24г. / проект ""QH Тұсау кесер, 2 этап расширение до 8
регионов""за март  2025  года";300 000,00;
221;03.04.2025;"ИП Айымкулов (Айымкулов Диас Нурлыбекович)За услуги тренера по Договору №11-02-6-12 от 07.03.2025г. / проект ""QH Тұсау кесер, 2 этап расширение до 8 регионов""за март 2025  года";300 000,00;
222;03.04.2025;"ИП Nazarkhanuly (Назарханұлы Темірлан)За услуги тренера по Договору №11-02-6-13 от 07.03.2025г. / проект ""QH Тұсау кесер,
2 этап расширение до 8 регионов""за март 2025  года";300 000,00;
223;03.04.2025;"ИП Джанай (Джанай Аслан)За услуги тренера по Договору №11- 02-6-11 от 07.03.2025г. / проект ""QH Тұсау кесер, 2 этап
расширение до 8 регионов""за март  2025  года";300 000,00;
224;03.04.2025;"ИП Абикенов (Абикенов Канат Серикович)За услуги тренера по Договору №11-02-6-10 от 07.03.2025г. / проект ""QH Тұсау кесер,
2 этап расширение до 8 регионов""за март  2025  года";300 000,00;
225;03.04.2025;"ИП Жасанов (Жасанов Рашид Амангалиевич)За услуги тренера по Договору №11-02-6-09 от 07.03.2025г. / проект ""QH Тұсау
кесер, 2 этап расширение до 8 регионов""за март 2025  года";300 000,00;
226;03.04.2025;"ИП Абдрахманов Е.Х. За услуги тренера по Договору №11-02-6- 14 от 07.03.2025г. / проект ""QH Тұсау кесер, 2 этап расширение
до 8 регионов""за март  2025  года";300 000,00;
227;04.04.2025;"ТОО ""КФК ""Медсервис Плюс""Предоплата  100% по Договору
№09-02-3-62  от 28.03.2025г,  за лекарственное средство Иларис(Канакинумаб) (1 ребенок), раствор , 150мг/мл, Счет
№50015689 от 28.03.25г /Для  г.Семей, ул.Жамакаева 100, КГП
на ПХВ ""Поликлиника №1""/";34 604 430,00;
228;04.04.2025;"ООО ""БЕКА РУС""Предоплата 50 %  по Договору №09-02-3-26  от
24.02.2025г.  (Закупка  тренажеров Thera-trainer tigo, Устройство Pablo для восстановления вертикального стояния для реабилитационных центров)  Код ТНВЭД 9019109009  Счет №39 от 25.02.2025г.ООО ""БЕКА РУС"", ОФ ""Baguatty aimag gory"" БП
проект QH ""Үлес-Қарағанды"" 2 комплекта";7 272 537,25;
229;07.04.2025;"ТОО ""ОАД-27""Оплата 4  части   за лекарственный препарат Эврисди (Рисдиплам) по Договору №09-02-3-234  от 30,05.2024г. Алматы (550 флаконов) Счет №30 от 01.04.25г.(873 флакона)";3 294 942 249,00;
230;07.04.2025;"ТОО ""СТОФАРМ""Предоплата 100%  по Договору  №09-02-3-69
от 01.04.25г  по Счету №51 от 02.04..25г.. за  лекарственный препарат Коселуго (Селуметиниб) (капсулы 10мг №60, (для 1 ребенка г. Кокшетау, с.Красный яр, ул.Достык 63, ГКП на ПХВ Центр первичной медико-санитарной службы (12 упак.)
/г.Ерейментау, ул.А.Альжанова 14, для ГКП на ПХВ
Ерейментауская РБ (12 упак)";41 146 380,00;
231;07.04.2025;"ТОО ""МК Интерна""Оплата 100 % по факту поставки  по
Договору №РЦ-Р/2023-11-7 от 02.12.2024г.Счет №41  от 01.12.24г. (Мебель в комплекте) для ГКП ""Жаксынская РБ УЗ Акмол обл.  проект QH Аудандык оналту орталыктары. (Мебель в
комплекте -16 позиций)";7 170 000,00;
232;07.04.2025;"ТОО ""МебельBro""Окончательная оплата 70% по Договору №РЦ-
Р/2023-2-5 от 06.08.2024г.Счет №10 от 01.04.25г./наклад.№2 от 20.03.25г./АПП,  для ГКП ""Бейнеуская МЦРБ УЗ Мангистау обл. (Мебель в комплекте -16 позиций)  проект QH Аудандык оналту орталыктары.";6 209 140,00;
233;10.04.2025;"ТОО ""Medicare International""Окончательная оплата 100% ,согл
Договора № 09-4 от 17.05.2022г. доп согл №2 ,Счет  №32 от 20.03.2025г. сч 37 от 07.04.25г. за изготовление протеза  руки, для заявителя ID 46698";8 000 000,00;
234;10.04.2025;"ТОО ""Medicare International""Окончательная оплата 50% ,согл Договора № 09-4 от 17.05.2022г. ДС №2 , счет  №37 от 07.04.2025г.за изготовление протеза  руки   для заявителя ID
46350";2 750 000,00;
235;10.04.2025;"ТОО ""MEDICAL CONSULTING GROUP"" 100% Оплата по
возмещению расходов  по организации доставки донорской роговицы и лечению пациентов  с заболеваниями органов глаза (пересадка роговицы) по Договору №09-02-3-2  от 15.01.25г.(помощь пациентам с заболевания  органов глаза (пересадка роговицы) согл  Счета №3  от 07.04.2025гПротокол
№10 от 06.06.22г.  Проект  ""Оказание помощи пациентам с заболеваниями органов глаз, нуждающихся в пересадке
роговицы""Согласно п.2,1 Договора";6 175 135,99;
236;10.04.2025;"ТОО ""КФК ""Медсервис Плюс""ОнкоПлан - 6 поставка Оплата  по Счету №50015690  от 04.04.2025г.  Договор №09-03-122 от 09.10.2023г. (Доп.соглаш.№3 от 19.03.25г. по приобретению, хранению и транспортировке лекарственного средства Алунбриг (Бригатиниб) таблетки 90 мг №28 (588 таблеток),30 мг №28 (168
табл) 180 мг №28 (3276 таблеток)=4032 табл";181 962 144,00;
237;10.04.2025;"ТОО ""Карагандинский фармацевтический комплекс""ОнкоПлан - Оплата 2 по Счету  №УП-29  от 03.04.25г. Возмещение курсовой разницы  за 1 поставку Договора №09-02-3-61 от 27.03.25г.(Онко) по приобретению, хранению и транспортировке лекарственного средства Блинцито (Блинатумумаб) 900 флаконов/концентрат для инфузий 35мкг";4 120 277,70;
238;10.04.2025;"ТОО ""Базисный Магазин""Окончательная оплата 50%  Счет №82 от 08.04.25г по Договору №11-02-6-05 от 27.01.25г.  (КГП Центр ДЮТ Дом Дружбы ОО г.Сарани )Проект  ""QH Внедрение STEM- обучения в организациях дополнительного образования
Карагандинской области""";1 832 685,00;
239;10.04.2025;"ТОО ""Базисный Магазин""Предоплата 50% по Договорам №11-02- 6-17  №11-02-6-18 №11-02-6-19 .№11-02-6-20  №11-02-6-21  №11-
02-6-22  №11-02-6-23 от 07.04.25г., Счета №83,84,85,86,87,88,89
от 08.04.25г. Проект  ""QH Внедрение STEM-обучения в организациях дополнительного образования Карагандинской области""";309 283 929,50;
240;10.04.2025;"ИП Васильева Юлия БорисовнаОплата 100 %  по Договору  №09- 02-3-57  от 17.03.2025г..Нейро -ортопедические реабилитационные пневмокостюмы РПК Атлант.  Счет №3303  от 17.03.2025 г.  Благотворительного проекта  ""QH Аудандық оңалту орталықтары"" реабилитационные центры в трех регионах(Карагандинской, Костанайской и Туркестанской
областях)";9 902 326,72;
241;14.04.2025;"КФ ""ҚАМҚОРЛЫҚ ҚОРЫ""Возмещение за Логистические услуги по перевозке груза  Заявка  №33/Р-РЦ от 07.04.25г. , согласно Договорa №09-02-3-376 от 06.11.2023г. (Обрудование -OM Interactive,ООО БИЭМ, ИП Васильева, ООО Бекарус, г.Аральск, Кызыл.область) (Интерактивные стол, комнаты, Реабилит. кресло - стулья, костюмы Атлант)   ПС 36 от 29.05.23г.БП «QH Аудандық
оңалту орталықтары»";637 000,00;
242;14.04.2025;"ТОО ""Med Progress Pharm"" Окончательная оплата 50%  по Договорам  №09-02-3-5. №09-02-3-6 от 30.01.25г. (ВКО)  Счет
№256, 257   от 03.04.25г. в рамках программы ""Развитие объектов здравоохранения и социальной поддержки в отдаленном
приграничном Тарбагатайском районе/";2 950 000,00;
243;14.04.2025;"ТОО ""Med Progress Pharm""Окончательная оплата 50%  по Договорам №09-02-3-379 от 06.12.24г., №09-02-3-380 от 06.12.24г. (ВКО) согл Счетов  №270, 271  от 08.04.25г. в рамках программы ""Развитие объектов здравоохранения и социальной поддержки в отдаленном приграничном Тарбагатайском районе/";2 051 000,00;
244;15.04.2025;"Blazebrite Ltd TA Experia2 этап Окончательная оплата 50 % по Договору поставки  № 09-02-3-307  от 03.09.24 г.(Аудандық) (LAGOM  комплект, волокно-оптический ковер, светодиодный прожектор,  сенсорный потолок, шары и пр.комплектующие наборы - 3 комплекта) в рамках проекта ""QH Аудандық оңалту орталықтары"" для 3 РЦ (Акмолинской,
Жамбылской,Кызылординской области)";15 366 098,46;
245;16.04.2025;"ТОО ""КФК ""Медсервис Плюс""Онко-план Оплата (7)  поставка  по Договору №09-03-121  от 05.10.2023г.  по приобретению и хранению  лекарственного средства Лонсурф (Трифлуридин+Типирациал)  6,14 мг+15мг№20 (2500 таблеток), 8,19 мг+20мг№20  (18060+9800таблеток)    Счет на оплату
№50015697 от 09.04.25г.";463 624 000,00;
246;16.04.2025;"TOO ""Джома-НС""Окончательная оплата 50% по Счету №15 от
14.04.25. по Договору №11-02-615 от 19.03.25г. Накладная/АПП
№431 от 20.03.25г.на 823233 тенге (Поставка спорт инвентаря Благотворительный проект ""QH Развитие спорта для лиц с особенностями интеллектуального развития"" Выписка Правления ОФ КХ №6 от 13.03.25г. Для РОО ""Федерация спорта для лиц с особенностями интеллектуального развития""";411 616,50;
247;16.04.2025;"ООО ""БИЭМ ГРУПП ИНТЕГРАТОР""Оплата 100 %  по Договору
№09-02-3-17 от 31.01.2025г.ДС №1 от17.03.25г.  Счет №645 от
10.04.2025 г.  (Закупка  сенсорный стол с регулировкой Assistant 43"" для восстановления вертикального стояния для РЦ- 5 шт.) для ОФ ""Baguatty aimag gory""  проект  «QH Үлес-Қараганды»";7 345 989,16;
248;18.04.2025;"ТОО ""NAP GROUP""Окончательная оплата 100 % по Договору№11-02-6-300  от 19.08.24г. Авторский надзор (Акмол.обл.с.Вознесенка ул.Ломоносова, Буландынского р-на- 16 домов) Стр-во жилых домов гражданам РК пострадавшим от
паводков. АВР №6 от 16.04.2025г. Счет №11  от 11.04.2025г";1 756 155,52;
249;18.04.2025;"ТОО ""МарСам""Окончательная оплата 1 часть РБК (3 этап -Акмол обл., Буландинский р-он,с.Вознесенка,16 домов)  Оплата по факту выполненных услуг  АВР №1  от 26.03.2025г. Счет №1 от 15.04.25г.по  Договору  №11-02-6-298 от 19.08.2024г. ""Строительство  жилых  домов (16шт.)  по адресу:  с.Вознесенка, Буландинский района, Акмолинской области"" без
благоустройства).";27 452 261,76;
250;18.04.2025;"ТОО ""МарСам""Окончательная оплата 2 часть Жусанбанк (3 этап - Акмол обл., Буландинский р-он,с.Вознесенка,16 домов)  Оплата  по факту выполненных услуг  АВР №1  от 26.03.2025г. Счет №1 от 15.04.25г.по  Договору  №11-02-6-298 от 19.08.2024г. ""Строительство  жилых  домов (16шт.)  по адресу:  с.Вознесенка, Буландинский района, Акмолинской области"" без
благоустройства).";9 800 000,00;
251;18.04.2025;"ТОО ""Севгражданпроект""Окончательная оплата (2 этап- Казахмыс-РБК-СКО) по факту выполненных работ  по  Договор
№11-02-6-144 от 29.05.24 г.(Авторский надзор) за услугу стр-ва жилых домов гражданам РК пострадавшим от паводков. Акт выполненных работ №2246 от 25.12.2024 года, Счет №109 от 04.06.2024г/Строительство одноэтажных домов для граждан, пострадавших от чрезвычайных  ситуатаций природного характера (СКО, г.Петропавловск, мкр.Солнечный-2)";5 600 000,00;
252;18.04.2025;"ТОО ""Стадия""Окончательная оплата (2 этап-Казахмыс-РБК-СКО) АВР №125 от 11.04.25г. по факту выполненных работ  по  Договор №11-02-6-145 от 29.05.2024г.(Технадзор) (СКО 2)  за услугу стр-ва жилых домов гражданам РК пострадавшим от паводков. Акт выполненных работ №250 от 10.06.2024 года, Счет
№263 от 10.06.2024г/Строительство одноэтажных домов для граждан, пострадавших от чрезвычайных  ситуатаций природного характера (СКО, г.Петропавловск, мкр.Солнечный-2)";11 200 000,00;
253;18.04.2025;"Госпиталь Gaziosmanpasa Hospital of Yeni Yuzyıl
University""Возврат средств поставщиком Акошева";-                                                      4 687 872,00;
254;21.04.2025;"КФ ""ҚАМҚОРЛЫҚ ҚОРЫ""Возмещение за траспортировке  груза по Казахстану  согласно Договорa №09-02-3-9 от 05.04.2023г. (Обрудование -OM Interactive,Akses Med,  БИЭМ, ИП Васильева, Бекарус, г.Астана-Талдыкорган) Заявка  №32/РЦ от 07.04.25г.
проект ""QH Оңалту орталығы"".";637 000,00;
255;21.04.2025;"КФ ""ҚАМҚОРЛЫҚ ҚОРЫ""Возмещение за международную траспортировку груза   согласно Договорa №09-02-3-376 от 06.11.2023г. (Великобритания_Казахстан- Experia Ltd) Заявка
№34/Р-РЦ от 16.04.25г. проект ""QH Аудандык оңалту орталығы""";2 795 280,00;
256;21.04.2025;"ООО ""БЕКА РУС""Окончательная оплата 50 % по Договору №09- 02-3-386 от 06.12.2024г.(г.Шымкент) Закупка  тренажеров Thera- trainer tigo для реабилитационных центров. Счет №1138/2 от 10.04.2025г. Для ШГФ РГПна ПХВ Национальный научный центр развития сферы соц.защиты Минтруда Соц.защиты населения РК Код ТНВЭД 9019109009 Сумма 6 584 925,00 RUB Проект QH Реабилитация детей с инвалидностью в домашних
условиях";44 041 953,88;
257;22.04.2025;"ТОО ""Құрылыс-Сервис-СК""Окончательная оплата (4 этап- Казахмыс-РБК-СКО) по факту выполненных работ  по  Договору
№11-02-6-132 от 29.05.2024г.Счет №7 от 21.04.25г. за услугу стр- ва жилых домов гражданам РК пострадавшим от паводков. Акт выполненных работ №7 от 13.03.2025 года, /Строительство одноэтажных домов для граждан, пострадавших от чрезвычайных ситуатаций природного характера (СКО, г.Петропавловск,
мкр.Солнечный-2)";25 771 610,00;
258;24.04.2025;"ТОО ""Базисный Магазин""Окончательная оплата 50% по Договорау№11-02-6-02 от 27.01.25г Счет №101  от 18.04.25г. накладная/АПП №57 от 16.04.25г. Проект  ""QH Внедрение STEM- обучения в организациях дополнительного образования
Карагандинской области""";12 780 830,00;
259;24.04.2025;"ТОО ""ВИВА Фарм""Предоплата за 2 часть  поставки по Договору
№ 09-02-3-341 от 08.11.24г., Счет на оплату №303  от 17.04.25г.,
,лек средство Воксзого 0,56 мг (Восоритид) Абай обл, 2 реб/";50 588 524,26;
260;24.04.2025;"ТОО ""ВИВА Фарм""Предоплата за 2 части  поставки по Договору
№ 09-02-3-342 от 08.11.24г., Счет на оплату №311 от 17.04.25г.
,лек средство Воксзого 0,56 мг (Восоритид) Павл обл, 1 реб/";50 588 524,26;
261;24.04.2025;"ТОО ""ВИВА Фарм""Предоплата за 2 часть  поставки по Договору
№ 09-02-3-343 от 08.11.24г., Счет на оплату у №305   от 17.04.25г. ,лек средство Воксзого 0,56 мг (Восоритид) Актюб обл, 1 реб/";50 588 524,26;
262;24.04.2025;"ТОО ""ВИВА Фарм""Предоплата за 2 часть  поставки по Договору
№ 09-02-3-344 от 08.11.24г., Счет на оплату №305   от 17.04.25г.(г.Астана,), ,лек средство Воксзого 0,56 мг (Восоритид)
,6 детей/";303 531 145,56;
263;24.04.2025;"ТОО ""ВИВА Фарм""Предоплата за 2 часть  поставки по Договору
№ 09-02-3-345 от 08.11.24г., Счет на оплату №306  от 17.04.25г.
,лек средство Воксзого 0,56 мг (Восоритид) Атырау обл, 2 реб/";101 177 048,52;
264;24.04.2025;"ТОО ""ВИВА Фарм""Предоплата за 2 часть  поставки по Договору
№ 09-02-3-346 от 08.11.24г., Счет на оплату №301   от 17.04.25г.,
,лек средство Воксзого 0,56 мг (Восоритид) СКО, 1 реб/";50 588 524,26;
265;24.04.2025;"ТОО ""ВИВА Фарм""Предоплата за 2 часть  поставки по Договору
№ 09-02-3-347 от 08.11.24г., Счет на оплату №302 от 17.04.25г.
,лек средство Воксзого 0,56 мг (Восоритид) г.Караганда, Кар.обл., 3 реб/";151 765 572,78;
266;24.04.2025;"ТОО ""ВИВА Фарм""Предоплата за 2 части  поставки по Договору
№ 09-02-3-348 от 08.11.24г., Счет на оплату №310  от 17.04.25г.,лек средство Воксзого 0,56 мг (Восоритид) Мангистау обл, 2 реб/";101 177 048,52;
267;24.04.2025;"ТОО ""ВИВА Фарм""Предоплата за 2 часть  поставки по Договору
№ 09-02-3-349 от 08.11.24г., Счет на оплату №304 от 17.04.25г.
,лек средство Воксзого 0,56 мг (Восоритид) Акмол обл, 1 реб/";50 588 524,26;
268;24.04.2025;"ТОО ""ВИВА Фарм""Предоплата за 2 часть  поставки по Договору
№ 09-02-3-350 от 08.11.24г., Счет на оплату №297  от 17.04.25г.
(Алмат.обл.)), ,лек средство Воксзого 0,56 мг (Восоритид) ,2 детей/";101 177 048,52;
269;24.04.2025;"ТОО ""ВИВА Фарм""Предоплата за 2 часть  поставки по Договору
№ 09-02-3-353 от 08.11.24г., Счет на оплату №312  от 17.04.25г.,
,лек средство Воксзого 0,56 мг (Восоритид) Жамбыл обл, 4 реб/";202 354 097,04;
270;24.04.2025;"ТОО ""ВИВА Фарм""Предоплата за 2 части  поставки по Договору
№ 09-02-3-354 от 08.11.24г., Счет на оплату №308  от 17.04.25г.,
,лек средство Воксзого 0,56 мг (Восоритид) ЗКО, 1 реб/";50 588 524,26;
271;24.04.2025;"ТОО ""ВИВА Фарм""Предоплата за 2 часть  поставки по Договору
№ 09-02-3-356 от 11.11.24г., Счет на оплату №300  от 17.04.25г.,
,лек средство Воксзого 0,56 мг (Восоритид) г.Алматы, 2 реб/";101 177 048,52;
272;24.04.2025;"ТОО ""ВИВА Фарм""Предоплата за 2 часть  поставки по Договору
№ 09-02-3-365 от 18.11.24г., Счет на оплату №307  от 17.04.25г.,
,лек средство Воксзого 0,56 мг (Восоритид) ВКО, 1 реб/";50 149 528,56;
273;24.04.2025;"ТОО ""ВИВА Фарм""Предоплата за 2 часть  поставки по Договору
№ 09-02-3-369 от 20.11.24г., Счет на оплату №309  от 17.04.25г.,
,лек средство Воксзого 0,56 мг (Восоритид) г.Шымкент, 1 реб/";50 588 524,26;
274;24.04.2025;"ТОО ""ВИВА Фарм""Предоплата за 1 часть  поставки по Договору
№ 09-02-3-64 от 01.04.25г.( Алмат.обл) Счет на оплату №293 от
17.04.25 ,лек средство Воксзого 0,56 мг (Восоритид)/";51 732 775,98;
275;24.04.2025;"ТОО ""ВИВА Фарм""Предоплата за 1 часть  поставки по Договору
№09-02-3-65 от 01.04.25г.( Шымкент) Счет на оплату №295 от
17.04.25 от 17.04.25 ,лек средство Воксзого 0,56 мг (Восоритид)/";103 465 551,96;
276;24.04.2025;"ТОО ""ВИВА Фарм""Предоплата за 1 часть  поставки по Договору
№ 09-02-3-66 от 01.04.25г.(Жетысу)Орф) Счет на оплату №292 от
17.04.25 от 17.04.25 ,лек средство Воксзого 0,56 мг (Восоритид)/";51 732 775,98;
277;24.04.2025;"ТОО ""ВИВА Фарм""Предоплата за 1 часть  поставки по Договору
№ 09-02-3-67 от 01.04.25г.(СКО) Счет на оплату №291 от
17.04.25 от 17.04.25 ,лек средство Воксзого 0,56 мг (Восоритид)/";51 732 775,98;
278;24.04.2025;"ТОО ""ВИВА Фарм""Предоплата за 1 часть  поставки по Договору
№ 09-02-3-68 от 01.04.25г.(Улытау) Счет на оплату №296 от
17.04.25 от 17.04.25 ,лек средство Воксзого 0,56 мг (Восоритид)/";48 858 732,87;
279;24.04.2025;"ТОО ""ВИВА Фарм""Предоплата за 1 часть  поставки по Договору
№ 09-02-3-71 от 01.04.25г.(Астана) Счет на оплату №294 от 17.04.25,лек средство Воксзого 0,56 мг (Восоритид)/";103 465 551,96;
280;24.04.2025;"ТОО ""ВИВА Фарм""Предоплата за 1 часть  поставки по Договору
№ 09-02-3-72 от 02.04.25г.(Атырау) Счет на оплату №290 от 17.04.25г.,лек средство Воксзого 0,56 мг (Восоритид)/";100 591 508,85;
281;24.04.2025;"ТОО ""ВИВА Фарм""Предоплата за 1 часть  поставки по Договору
№ 09-05-1 от 16.04.25г.(Астана) Счет на оплату №299  от 17.04.25,лек средство Воксзого 0,56 мг (Восоритид)/";2 874 043,11;
282;24.04.2025;"ТОО ""КазСтроиИнжиниринг""Окончательная оплата  50%  (2 этап
- РБК- с.Вознесенка, Буландынского р-на, Акмолинской области) по Договору №11-02-6-299 от 19.08.24 года (Технадзор)  Счет №4 от 21.04.2025г  АВР №7 от 17.04.25г. (Строительство 21 двухквартирного жилого дома в с.Иванковка, Буландынского р-
на, Акмолинской области)";4 215 000,00;
283;28.04.2025;"ТОО ""Medicare International""Окончательная оплата 50% по
Договору № 09-4 от 17.05.2022г. доп согл №2 , счет №45 от 15.04.2025г.за изготовление протеза  руки  для заявителя  ID 46691, Азатваева Гавхарай Хусанқызы, 10.12.2003 гр.";4 000 000,00;
284;28.04.2025;"ТОО ""Medicare International""Окончательная оплата 50% на изготовление протеза руки для заявителя  ID 46705, Беделхан Ботагөз Асқаржанқызы, 20.09.2007 гр.  Счет на оплату№50  от
16.04.2025г.Согласно Договора №09-02-3-157 от 29.03.2024г.";4 000 000,00;
285;28.04.2025;"ТОО ""Medicare International""Оплата 100% на изготовление протеза голени для заявителя  ID46686, Мукай Балауса Қалиқызы, 11.01.1998 гр.  Счет на оплату №51  от 17.04.25г.,
Счет на оплату №52 от 23.04.25г.";3 500 000,00;
286;28.04.2025;"ТОО ""Medicare International"" Предоплата 50% по Договору № 09-4 от 17.05.2022г. доп согл №2 , счет  №48 от 15.04.2025г.,  за
изготовление протеза  руки  для заявителя  ID 46684";4 000 000,00;
287;28.04.2025;"ТОО ""Medicare International"" Предоплата 50% по Договору № 09-4
от 17.05.2022г. доп согл №2 , счет  №49 от 16.04.2025г.,  на изготовление протеза руки  для заявителя  ID 46756";4 000 000,00;
288;30.04.2025;"ТОО ""МК Интерна""Оплата 100 % по факту поставки  по Договору №РЦ-Р/2023-11-6 от 02.12.2024г.Счет №45  от 17.04.25г.  проект ""QH Аудандык оңалту орталықтары"" /Аппарат мультифункц. физиотерапевский -1 , Модуль магнитотерапии-1, Ванна бальнеологическая модель Гейзер-1/Для ГКП на ПХВ Аральская многопроф ЦРБ  УЗ Кызылорд  область)";7 170 000,00;
289;30.04.2025;"КФ ""ҚАМҚОРЛЫҚ ҚОРЫ""Возмещение  таможенного сбора, импортной таможенной пошлины, НДС, согласно, согласно Договорa №09-02-3-376 от 06.11.2023г. Заявка №35/Р-РЦ от 23.04.25г.   (Обрудование -Experia  Ltd-Великобритания, Жаксы,Дихан, Аральск)  проект ""QH Аудандык оңалту орталығы""";5 793 592,00;
290;30.04.2025;"ТОО ""ASPASIA LTD""Окончательная оплата 70% по счетам  №6, 7 от 17.04.25г.  по проектам ""QH Аудандык Оңалту орталықтары"" Договор Договор №РЦ/2023-10-5 от 22.01.24г. (Мангистау область)  Договор №РЦ/2023-4-5 от 22.01.24г.  (Мангистау
область)";9 519 090,00;
291;30.04.2025;"ТОО ""Медицинский Холдинг""Sintez-KZ"" (Синтез-КЗ)""Оплата 100
% по факту поставки  по сч №26  от 17.04.25г. проект ""QH Аудандык оңалту орталықтары""  по  Договору  №РЦ-Р/2023-3-6  от 06.08.24г.(Кызылор обл) (Комплекс ERGO -для восстановления мелкой моторики), для КГП на ПХВ «Аральская
Многопрофильная ЦРБ УЗ Кызлыорд обл";1 100 000,00;
292;30.04.2025;"ТОО ""ОАД-27""Возмещение курсовой разницы  по Счету  №45 от 24.04.2025г.   за лекарственный препарат Эврисди (Рисдиплам) по Договору №09-02-3-234  от 30,05.2024г. Алматы (0,75 мг/мл-
873 флаконов) /";516 226 550,40;
293;30.04.2025;"ТОО ""ОАД-27""Возмещение курсовой разницы  по Счету №14 от 04.02.2025г.  за лекарственный препарат Эврисди (Рисдиплам) по Договору №09-02-3-234  от 30,05.2024г. Алматы (0,75 мг/мл-500
флаконов)";43 718 841,07;
294;30.04.2025;"ТОО ""СТОФАРМ""Предоплата 100%  (2 части поставки) по
Договору  №09-02-3-390 от 18.12.2024г. по Счету №74 от 28.04.2025г.. за  лекарственный препарат Коселуго (Селуметиниб) (капсулы 10мг №60, для  (1 ребенка) (г. Жезказаган, ул.Анакулова 1, ТОО ЖезДенсаулық, Область Үлытау)";32 931 360,00;
295;30.04.2025;"ТОО ""ЭКСКЛЮЗИВСТРОЙ""6 оплата Окончательная оплата 10
%  по Счету №45 от 29.04.25г. по Договору  №11-02-6-20  от
23.02.24 г. Строительство под ключ ""модульный спортивный зал ангарного типа""  (КГУ «Детско-юношеская спортивная школа Жарминского района» управления физической культуры и спорта области Абай";17 188 090,00;
;;Итого;17 041 183 077;